emp_id,emp_name,email,job_title,department,designation,join_date
1,Shalne,slidgerton0@cyberchimps.com,Staff Scientist,Marketing,Chief Design Engineer,12/18/2001
2,Sanders,sdomerq1@issuu.com,Project Manager,Business Development,Chemical Engineer,12/7/2010
3,Keven,kpollington2@bravesites.com,Recruiter,Accounting,Registered Nurse,3/14/2007
4,Leta,lsandey3@chronoengine.com,Associate Professor,Accounting,Research Assistant IV,2/24/2021
5,Erich,egoney4@google.es,Automation Specialist III,Services,GIS Technical Architect,12/3/2022
6,Felisha,fgergolet5@cornell.edu,Media Manager IV,Business Development,Account Representative I,6/23/2022
7,Elisabeth,echettoe6@cnbc.com,Marketing Manager,Business Development,Analyst Programmer,3/31/2008
8,Even,emillery7@facebook.com,Environmental Tech,Services,Software Engineer I,8/14/2009
9,Nanine,nlamberti8@netlog.com,VP Sales,Sales,Recruiting Manager,6/30/2008
10,Cyndy,cstollberg9@cnbc.com,Engineer III,Services,VP Product Management,4/16/2013
11,Rosene,rbridgena@forbes.com,Structural Engineer,Sales,Senior Quality Engineer,11/23/2015
12,Doloritas,dharradineb@berkeley.edu,Marketing Assistant,Human Resources,Data Coordinator,1/22/2016
13,Vite,vbenthamc@ning.com,Geologist III,Accounting,Food Chemist,11/18/2012
14,Waneta,wcolebyd@usgs.gov,Clinical Specialist,Support,Design Engineer,6/19/2002
15,Allan,amallabare@imgur.com,Human Resources Manager,Training,Food Chemist,7/6/2010
16,Mervin,mizacf@wufoo.com,Help Desk Technician,Training,Biostatistician I,2/10/2001
17,Kaja,kgyeg@etsy.com,Assistant Professor,Accounting,Quality Engineer,9/15/2009
18,Mikael,mnorthedgeh@elpais.com,Developer II,Marketing,Senior Developer,1/28/2020
19,Arvy,ahoudmonti@ezinearticles.com,Administrative Officer,Accounting,Environmental Specialist,1/25/2017
20,Urson,udealj@google.co.uk,Systems Administrator III,Business Development,Programmer Analyst I,2/3/2021
21,Hamel,hespinak@pagesperso-orange.fr,Dental Hygienist,Accounting,Information Systems Manager,10/28/2016
22,Lewiss,llystonl@admin.ch,Actuary,Legal,Safety Technician III,11/3/2010
23,Paddie,pthurgoodm@xrea.com,VP Accounting,Product Management,Food Chemist,5/12/2003
24,Marcy,mgowrichn@domainmarket.com,Senior Cost Accountant,Training,Professor,11/7/2001
25,Christy,cskelhorno@cdbaby.com,Assistant Manager,Human Resources,Budget/Accounting Analyst III,10/21/2021
26,Gates,gandrejevicp@newsvine.com,Product Engineer,Legal,Associate Professor,3/16/2009
27,Hiram,hwyardq@hc360.com,Environmental Tech,Marketing,Tax Accountant,10/13/2004
28,Whitman,wbartczakr@furl.net,Analog Circuit Design manager,Sales,VP Quality Control,9/4/2022
29,Crissie,cfurzes@oracle.com,Associate Professor,Services,Legal Assistant,5/13/2018
30,Merell,mthaket@xing.com,Administrative Assistant III,Research and Development,Pharmacist,12/5/2015
31,Budd,bgoldingu@craigslist.org,Environmental Tech,Training,Technical Writer,2/24/2018
32,Fionna,fcartmerv@ucsd.edu,Quality Engineer,Product Management,Junior Executive,6/24/2020
33,Hale,hbrissardw@vinaora.com,VP Quality Control,Services,Human Resources Manager,10/10/2014
34,Brandy,bpenneyx@msu.edu,Nurse,Accounting,Computer Systems Analyst I,1/29/2016
35,Ryann,rklosay@qq.com,Desktop Support Technician,Engineering,Desktop Support Technician,3/28/2013
36,Alexis,aepinoyz@bravesites.com,Accountant III,Legal,Pharmacist,9/21/2004
37,Chrysler,caldis10@yandex.ru,Sales Associate,Product Management,Marketing Assistant,1/15/2019
38,Andriana,awaine11@w3.org,Nuclear Power Engineer,Engineering,Pharmacist,12/6/2004
39,Neils,nnabarro12@opensource.org,Senior Quality Engineer,Accounting,Senior Quality Engineer,9/12/2021
40,Averil,ascarff13@oracle.com,Legal Assistant,Business Development,Geological Engineer,6/25/2020
41,Esmaria,eivantyev14@adobe.com,Actuary,Legal,Clinical Specialist,11/10/2018
42,Hussein,hkelf15@microsoft.com,Chemical Engineer,Sales,Health Coach IV,11/15/2006
43,Roselin,rpembridge16@state.gov,Mechanical Systems Engineer,Product Management,Computer Systems Analyst IV,1/25/2002
44,Zena,zgullifant17@example.com,GIS Technical Architect,Training,Research Assistant III,3/6/2013
45,Beret,bsommersett18@skyrock.com,Nurse,Legal,Environmental Specialist,9/10/2021
46,Lorilee,ltankard19@creativecommons.org,Senior Quality Engineer,Research and Development,Web Developer III,10/10/2005
47,Roldan,raffleck1a@nih.gov,Safety Technician III,Human Resources,Electrical Engineer,6/21/2007
48,Reidar,rmcgrirl1b@techcrunch.com,Occupational Therapist,Services,Chief Design Engineer,1/1/2009
49,Kathi,kfraczak1c@thetimes.co.uk,Business Systems Development Analyst,Support,Programmer II,5/4/2017
50,Nathaniel,ncashmore1d@ucoz.ru,Junior Executive,Human Resources,Clinical Specialist,9/4/2011
51,Fonz,flefeaver1e@gnu.org,Programmer Analyst I,Legal,Assistant Media Planner,10/6/2000
52,Nickolas,nferrai1f@tumblr.com,Editor,Human Resources,Programmer II,3/4/2019
53,Kimberlyn,kthornber1g@plala.or.jp,Help Desk Technician,Services,Information Systems Manager,12/21/2000
54,Darby,dmaddy1h@oakley.com,Environmental Tech,Training,Cost Accountant,1/20/2002
55,Edi,etivers1i@dmoz.org,Technical Writer,Marketing,Computer Systems Analyst I,11/17/2010
56,Morganica,manton1j@wordpress.org,Assistant Manager,Engineering,Compensation Analyst,2/16/2020
57,Harmon,hjohn1k@imdb.com,Administrative Assistant III,Product Management,Director of Sales,9/11/2021
58,Truman,tsexcey1l@bandcamp.com,Financial Analyst,Human Resources,Budget/Accounting Analyst III,12/3/2015
59,Adel,aclaxson1m@youtube.com,Design Engineer,Research and Development,Research Assistant II,1/30/2019
60,Willi,wcurnock1n@google.com,Accounting Assistant I,Support,Senior Cost Accountant,5/14/2005
61,Shelley,sverson1o@yolasite.com,Teacher,Sales,Director of Sales,5/11/2019
62,Raymund,rroiz1p@smh.com.au,Quality Engineer,Training,Senior Sales Associate,7/31/2016
63,Travis,tpires1q@cdbaby.com,Desktop Support Technician,Marketing,Mechanical Systems Engineer,7/2/2012
64,Ruthe,relie1r@latimes.com,Staff Scientist,Training,Editor,6/18/2006
65,Ahmad,aaggis1s@miitbeian.gov.cn,Programmer II,Engineering,Human Resources Assistant IV,4/30/2018
66,Laurette,lskullet1t@furl.net,Technical Writer,Research and Development,Account Executive,2/2/2018
67,Madelena,mmccrea1u@cloudflare.com,VP Quality Control,Marketing,Accounting Assistant III,9/24/2010
68,Georgena,gyuille1v@simplemachines.org,Data Coordinator,Sales,Chief Design Engineer,2/1/2015
69,Rycca,rcastilljo1w@t-online.de,Engineer I,Sales,Senior Financial Analyst,6/27/2018
70,Nealon,nconnow1x@list-manage.com,Accounting Assistant I,Engineering,Senior Quality Engineer,9/6/2019
71,Nahum,nkobierra1y@youku.com,Research Nurse,Accounting,Structural Engineer,7/13/2004
72,Marlene,mmanterfield1z@4shared.com,Safety Technician I,Product Management,Help Desk Technician,2/14/2014
73,Eddie,erasper20@g.co,Junior Executive,Research and Development,Software Consultant,1/10/2020
74,Oliy,ogiacovetti21@cbslocal.com,General Manager,Training,Software Consultant,6/21/2009
75,Bertha,bbodill22@wordpress.com,Recruiting Manager,Product Management,Junior Executive,1/8/2021
76,Liuka,lhinners23@nydailynews.com,Information Systems Manager,Services,Analyst Programmer,7/31/2022
77,Christyna,clynthal24@cnbc.com,Mechanical Systems Engineer,Training,Legal Assistant,6/7/2014
78,Robbie,rrampage25@pcworld.com,Assistant Manager,Business Development,Financial Advisor,3/6/2018
79,Merrile,mclift26@webs.com,Business Systems Development Analyst,Legal,Actuary,6/19/2002
80,Joellen,jmourge27@123-reg.co.uk,Senior Financial Analyst,Marketing,Food Chemist,6/24/2014
81,Hesther,hcathro28@skyrock.com,Marketing Assistant,Engineering,Systems Administrator I,9/22/2017
82,Karol,khankey29@microsoft.com,Sales Representative,Research and Development,Quality Control Specialist,9/28/2013
83,Dianemarie,dbloodworthe2a@scribd.com,Developer II,Training,Budget/Accounting Analyst IV,7/16/2000
84,Beauregard,btuerena2b@squidoo.com,Software Consultant,Accounting,Quality Engineer,3/2/2006
85,Vanny,vcastagnet2c@ycombinator.com,Recruiter,Training,Junior Executive,7/20/2004
86,Gaylene,glodevick2d@naver.com,Assistant Media Planner,Product Management,Biostatistician I,7/10/2006
87,Gal,gedis2e@domainmarket.com,Executive Secretary,Services,Database Administrator II,5/19/2014
88,Jemimah,jcompson2f@bloomberg.com,Desktop Support Technician,Research and Development,Senior Quality Engineer,6/23/2011
89,Bryana,bbonick2g@etsy.com,Senior Developer,Research and Development,Senior Sales Associate,6/30/2017
90,Andreana,agiacobazzi2h@tumblr.com,Nuclear Power Engineer,Sales,Assistant Professor,12/13/2005
91,Diane,dliddard2i@msu.edu,Account Representative IV,Human Resources,Analog Circuit Design manager,9/16/2003
92,Ailsun,arubinfeld2j@skyrock.com,Programmer Analyst II,Sales,Junior Executive,9/1/2022
93,Pet,probak2k@dagondesign.com,Staff Accountant II,Marketing,Project Manager,12/10/2005
94,Lola,lellgood2l@github.com,Editor,Services,VP Marketing,9/18/2002
95,Gisele,gpagelsen2m@usatoday.com,Senior Financial Analyst,Services,Safety Technician IV,12/31/2008
96,Bronson,bscroggie2n@eventbrite.com,Pharmacist,Training,Administrative Officer,6/29/2005
97,Leeanne,laviss2o@live.com,Chemical Engineer,Services,Senior Developer,7/20/2006
98,Brice,bverralls2p@zdnet.com,Account Representative II,Legal,Assistant Manager,1/18/2011
99,Batsheva,bjacks2q@plala.or.jp,Web Designer I,Engineering,Community Outreach Specialist,11/25/2016
100,Virge,vteasey2r@photobucket.com,Technical Writer,Support,Automation Specialist III,12/23/2003
101,Vail,vmaudlen2s@so-net.ne.jp,Cost Accountant,Human Resources,Computer Systems Analyst I,8/3/2003
102,Joellen,jdufer2t@nifty.com,Staff Scientist,Training,Programmer IV,6/1/2016
103,Gertrude,ggleaves2u@fc2.com,Research Assistant IV,Business Development,Account Representative III,8/1/2007
104,Farr,fletham2v@booking.com,VP Marketing,Product Management,Mechanical Systems Engineer,5/30/2020
105,Durand,dduff2w@chronoengine.com,Help Desk Operator,Human Resources,Sales Associate,6/20/2006
106,Ardyth,ahulles2x@mail.ru,Senior Financial Analyst,Support,Food Chemist,5/29/2006
107,Sofia,sheight2y@symantec.com,Research Nurse,Marketing,VP Sales,8/9/2019
108,Bertine,bkewish2z@kickstarter.com,Compensation Analyst,Training,Research Associate,3/12/2017
109,Theda,telven30@soundcloud.com,Senior Quality Engineer,Accounting,Environmental Specialist,9/1/2017
110,Naomi,nburleton31@booking.com,Software Test Engineer IV,Engineering,Associate Professor,9/30/2012
111,Angelo,aculp32@disqus.com,Cost Accountant,Human Resources,Environmental Tech,2/16/2019
112,Neddy,nwebley33@admin.ch,Programmer Analyst II,Services,Structural Analysis Engineer,8/11/2017
113,Dolf,dgrenfell34@cnet.com,Chief Design Engineer,Legal,Environmental Specialist,8/14/2016
114,Adrienne,aselbie35@hatena.ne.jp,Biostatistician II,Engineering,Editor,9/1/2001
115,Nancy,ntzar36@nifty.com,Chief Design Engineer,Human Resources,Safety Technician IV,6/20/2007
116,Fletch,fabeau37@moonfruit.com,Operator,Support,Assistant Manager,2/12/2001
117,Mellisa,mference38@de.vu,Administrative Assistant I,Engineering,Editor,2/1/2014
118,Corly,cpulfer39@facebook.com,Desktop Support Technician,Research and Development,Professor,7/28/2016
119,Brita,bmeckiff3a@yahoo.co.jp,Environmental Specialist,Legal,Executive Secretary,4/7/2007
120,Rivalee,rleblanc3b@bravesites.com,Recruiting Manager,Sales,Human Resources Manager,1/22/2003
121,Lynelle,lchild3c@mit.edu,Office Assistant II,Marketing,Paralegal,2/5/2010
122,Nerty,ncarress3d@home.pl,Analyst Programmer,Human Resources,Recruiting Manager,11/10/2000
123,Daveen,ddami3e@yahoo.co.jp,Business Systems Development Analyst,Marketing,Editor,1/19/2022
124,Eugenius,ecarlo3f@cyberchimps.com,Web Developer II,Services,Human Resources Assistant II,7/3/2010
125,Cristy,cbritner3g@tuttocitta.it,Account Coordinator,Human Resources,Nuclear Power Engineer,10/3/2010
126,Anselma,abarnewelle3h@naver.com,Desktop Support Technician,Support,Nurse,6/8/2016
127,Gradey,gharrhy3i@mapy.cz,Health Coach IV,Sales,Assistant Media Planner,12/19/2013
128,Freida,fhainsworth3j@spotify.com,Physical Therapy Assistant,Research and Development,Design Engineer,5/11/2016
129,Eduino,euebel3k@jimdo.com,Budget/Accounting Analyst IV,Engineering,Biostatistician I,10/6/2007
130,Wyndham,wgarwood3l@cargocollective.com,Dental Hygienist,Marketing,Operator,2/22/2010
131,Mickie,mschuck3m@ifeng.com,Executive Secretary,Research and Development,Accountant II,12/5/2001
132,Brandy,bclements3n@sitemeter.com,Teacher,Human Resources,VP Marketing,4/3/2022
133,Petronella,pteasdale3o@google.com.au,Occupational Therapist,Support,Biostatistician II,11/25/2012
134,Gayleen,glewer3p@netlog.com,Software Test Engineer III,Accounting,Senior Developer,7/3/2011
135,Sol,smartinho3q@theguardian.com,Occupational Therapist,Accounting,Account Representative II,11/17/2020
136,Chet,ctoner3r@wikipedia.org,VP Accounting,Research and Development,VP Accounting,7/15/2009
137,Ludovika,lroebuck3s@columbia.edu,Geological Engineer,Services,Structural Analysis Engineer,11/29/2001
138,Cinnamon,cbalint3t@google.com.hk,Paralegal,Human Resources,Tax Accountant,12/27/2010
139,Darrick,dgilby3u@shareasale.com,Environmental Tech,Human Resources,Account Coordinator,4/1/2016
140,Arielle,aales3v@com.com,Budget/Accounting Analyst III,Marketing,Web Developer III,10/18/2000
141,Cameron,cchellenham3w@yahoo.co.jp,Analog Circuit Design manager,Training,Media Manager I,6/13/2009
142,Gilberte,gwhetland3x@discuz.net,Tax Accountant,Research and Development,Civil Engineer,9/14/2004
143,Else,ehawkswood3y@nsw.gov.au,Assistant Media Planner,Research and Development,Recruiting Manager,8/26/2021
144,Jared,jpeacey3z@army.mil,Chief Design Engineer,Product Management,Administrative Officer,9/25/2004
145,Rahal,rlax40@exblog.jp,Dental Hygienist,Accounting,Help Desk Technician,3/25/2018
146,Orelie,oharrismith41@last.fm,Director of Sales,Human Resources,Electrical Engineer,2/20/2003
147,Joseito,jkilroy42@ifeng.com,Biostatistician II,Legal,Legal Assistant,11/16/2019
148,Hasheem,harni43@geocities.com,Pharmacist,Product Management,Junior Executive,1/19/2010
149,Shay,sbroy44@simplemachines.org,Geological Engineer,Research and Development,Database Administrator I,5/5/2016
150,Devlin,drubica45@hhs.gov,Account Representative II,Human Resources,Chemical Engineer,12/17/2022
151,Ethel,eezzy46@yellowbook.com,Software Engineer III,Product Management,Physical Therapy Assistant,10/21/2004
152,Jocko,jlebretondelavieuville47@independent.co.uk,Account Coordinator,Research and Development,Health Coach I,12/28/2016
153,Troy,tmcanalley48@sakura.ne.jp,Clinical Specialist,Marketing,Senior Developer,5/20/2004
154,Roby,rattfield49@nymag.com,Internal Auditor,Accounting,Account Representative III,2/18/2005
155,Ashlie,anutkins4a@posterous.com,Data Coordinator,Research and Development,Chemical Engineer,7/2/2021
156,Antonietta,adaouze4b@ihg.com,Marketing Manager,Accounting,Compensation Analyst,12/19/2011
157,Bo,bscamal4c@paypal.com,VP Marketing,Product Management,Marketing Assistant,7/28/2018
158,Florrie,fbelfitt4d@engadget.com,Junior Executive,Business Development,Automation Specialist II,6/3/2000
159,Ambrose,acrickett4e@github.io,Teacher,Services,Systems Administrator III,1/20/2000
160,Quillan,qstickford4f@theglobeandmail.com,Programmer III,Business Development,Chief Design Engineer,1/12/2016
161,Basilius,btankard4g@gravatar.com,Executive Secretary,Sales,Recruiting Manager,5/22/2015
162,Abeu,anock4h@nationalgeographic.com,Financial Analyst,Support,Account Coordinator,8/26/2000
163,Joshia,jtitmus4i@sphinn.com,Project Manager,Training,Staff Accountant I,4/21/2002
164,Pris,pprium4j@independent.co.uk,Paralegal,Product Management,Budget/Accounting Analyst IV,8/7/2001
165,Bea,bbrookfield4k@clickbank.net,Chemical Engineer,Sales,Occupational Therapist,7/30/2005
166,Isaac,iaicken4l@nymag.com,Senior Cost Accountant,Support,Help Desk Technician,8/1/2019
167,Cathee,cianne4m@ebay.co.uk,Database Administrator III,Product Management,Biostatistician II,7/18/2022
168,Vinita,vlamplugh4n@nih.gov,Physical Therapy Assistant,Marketing,Senior Financial Analyst,7/16/2003
169,Carlie,cwheildon4o@mapy.cz,VP Marketing,Services,Quality Control Specialist,12/7/2003
170,Matti,mmarten4p@hao123.com,Editor,Services,Systems Administrator II,8/6/2011
171,Malissia,mgettings4q@tamu.edu,Environmental Tech,Accounting,Editor,5/20/2002
172,Krispin,kchuney4r@webnode.com,Office Assistant I,Business Development,Administrative Assistant IV,11/17/2005
173,Mommy,medgeworth4s@disqus.com,Social Worker,Human Resources,Account Executive,4/3/2010
174,Sari,spassingham4t@ustream.tv,Junior Executive,Business Development,Marketing Assistant,3/24/2019
175,Sherrie,sromera4u@omniture.com,Research Assistant III,Product Management,Chief Design Engineer,1/4/2016
176,Lisle,lkenefick4v@devhub.com,Environmental Tech,Training,Senior Developer,10/24/2021
177,Zulema,zrollings4w@cnbc.com,Editor,Legal,Marketing Assistant,6/13/2021
178,Cedric,capple4x@wp.com,Senior Quality Engineer,Accounting,Administrative Officer,8/17/2002
179,Neill,nsannes4y@prweb.com,VP Product Management,Research and Development,Software Engineer IV,1/3/2002
180,Dorisa,djamblin4z@gmpg.org,Analyst Programmer,Training,Account Executive,8/12/2017
181,Halley,hslesser50@unicef.org,Dental Hygienist,Training,Recruiter,2/12/2016
182,Joycelin,jreucastle51@youtu.be,Quality Engineer,Support,Research Assistant IV,9/13/2014
183,Raven,rsainsbury52@miitbeian.gov.cn,Community Outreach Specialist,Business Development,Research Associate,3/9/2011
184,Ax,apriden53@drupal.org,Associate Professor,Accounting,Graphic Designer,7/18/2021
185,Selia,sgutteridge54@auda.org.au,Assistant Professor,Services,Business Systems Development Analyst,9/10/2013
186,Alana,amarde55@netlog.com,Research Associate,Services,Occupational Therapist,1/31/2010
187,Sabine,sdevine56@quantcast.com,Product Engineer,Training,Staff Scientist,2/27/2012
188,Rolph,rjelks57@sciencedaily.com,Quality Engineer,Legal,VP Sales,12/31/2009
189,Lisbeth,lfishley58@comsenz.com,Help Desk Technician,Accounting,Civil Engineer,11/9/2010
190,Buffy,bdelucia59@histats.com,Sales Associate,Product Management,Administrative Assistant I,7/26/2019
191,Hattie,hchartre5a@msu.edu,Information Systems Manager,Engineering,Accounting Assistant II,4/19/2001
192,Flora,fhazard5b@ft.com,Graphic Designer,Marketing,VP Accounting,7/9/2008
193,Rebecka,rwhitley5c@phpbb.com,VP Product Management,Legal,Data Coordinator,7/27/2020
194,Clotilda,cjohncey5d@ca.gov,Account Executive,Sales,Nurse,4/30/2008
195,Karl,kyankeev5e@bluehost.com,Assistant Media Planner,Sales,Account Executive,2/15/2006
196,Brendin,bfibben5f@imageshack.us,Cost Accountant,Legal,Safety Technician I,1/15/2018
197,Rania,rmcgrirl5g@wikipedia.org,Research Associate,Marketing,Occupational Therapist,10/2/2015
198,Arlen,aizatt5h@paypal.com,Compensation Analyst,Business Development,Design Engineer,5/4/2012
199,Halette,hbecerro5i@google.co.jp,VP Quality Control,Product Management,Analyst Programmer,12/8/2011
200,Preston,pcasarini5j@cnn.com,Data Coordinator,Product Management,Dental Hygienist,7/19/2000
201,Rowney,rleathwood5k@tinyurl.com,Programmer II,Product Management,Staff Accountant IV,4/26/2003
202,Xylia,xpurry5l@topsy.com,Safety Technician II,Accounting,Product Engineer,3/3/2012
203,Aundrea,ablezard5m@comcast.net,Desktop Support Technician,Business Development,General Manager,2/5/2006
204,Marlowe,mnaismith5n@cocolog-nifty.com,Geological Engineer,Services,Accounting Assistant IV,10/3/2014
205,Ezra,elamport5o@sogou.com,Assistant Professor,Legal,VP Sales,10/14/2010
206,Ilario,isulman5p@seattletimes.com,Clinical Specialist,Sales,Desktop Support Technician,2/23/2016
207,Trumaine,tsakins5q@studiopress.com,Human Resources Assistant III,Engineering,Structural Engineer,3/25/2011
208,Amery,amatous5r@google.es,Geologist I,Marketing,Office Assistant IV,9/14/2010
209,Leslie,lstirton5s@php.net,Budget/Accounting Analyst II,Accounting,Recruiter,12/14/2015
210,Kanya,kgentery5t@examiner.com,Pharmacist,Engineering,Librarian,6/24/2004
211,Dorolice,dodoherty5u@mlb.com,Cost Accountant,Sales,Budget/Accounting Analyst IV,8/19/2002
212,Ferris,fgyrgorwicx5v@state.gov,Associate Professor,Accounting,Information Systems Manager,11/9/2006
213,Darice,drainsden5w@netlog.com,Executive Secretary,Human Resources,Assistant Professor,7/18/2010
214,Saidee,sannett5x@com.com,Media Manager III,Sales,Web Designer I,7/31/2016
215,Nicola,nburless5y@yelp.com,Statistician I,Human Resources,Media Manager II,1/29/2009
216,Nolie,nmellers5z@google.fr,Programmer Analyst IV,Research and Development,Senior Editor,2/20/2007
217,Eveline,eguiden60@ft.com,Sales Representative,Training,Accountant III,6/22/2014
218,Nadeen,nsibbson61@aol.com,Sales Associate,Human Resources,Sales Representative,9/19/2018
219,Darb,dheaps62@twitter.com,Nurse,Legal,Database Administrator II,9/2/2013
220,Janella,jcridlin63@ftc.gov,Food Chemist,Business Development,Safety Technician II,11/16/2018
221,Ad,aworswick64@ning.com,Mechanical Systems Engineer,Research and Development,Help Desk Technician,2/13/2016
222,Imogene,iemmert65@army.mil,Executive Secretary,Research and Development,Structural Engineer,9/5/2001
223,Mabel,mplume66@dailymail.co.uk,Clinical Specialist,Marketing,Systems Administrator III,7/26/2020
224,Theodor,tsydall67@sakura.ne.jp,Teacher,Product Management,Teacher,7/22/2003
225,Dagny,dandrei68@360.cn,Account Coordinator,Human Resources,Structural Analysis Engineer,6/12/2022
226,Talia,tpatel69@jiathis.com,Developer II,Services,Project Manager,7/20/2016
227,Donna,dbello6a@plala.or.jp,Senior Financial Analyst,Legal,Occupational Therapist,7/15/2016
228,Larina,lmelendez6b@bloomberg.com,Project Manager,Product Management,Marketing Assistant,6/29/2002
229,Phillipp,pmyring6c@zimbio.com,Senior Sales Associate,Services,Nuclear Power Engineer,11/24/2017
230,Kandy,kleve6d@unesco.org,Account Executive,Research and Development,Technical Writer,4/12/2019
231,Tibold,tsimo6e@about.me,VP Sales,Legal,VP Quality Control,5/7/2012
232,Cherianne,cworlidge6f@paginegialle.it,Senior Cost Accountant,Sales,Project Manager,1/7/2012
233,Adelina,amoorhouse6g@nydailynews.com,Safety Technician II,Accounting,Research Assistant IV,4/7/2018
234,Lenna,lmacgeffen6h@slideshare.net,Assistant Media Planner,Business Development,Web Developer II,6/9/2004
235,Nowell,nlenton6i@netlog.com,Nurse Practicioner,Research and Development,Human Resources Assistant III,7/26/2011
236,Christos,cyetman6j@nih.gov,VP Sales,Support,Account Coordinator,3/29/2016
237,Steward,sstarton6k@bloglovin.com,Nuclear Power Engineer,Product Management,Accountant II,9/6/2008
238,Lev,lscurrey6l@cpanel.net,VP Marketing,Marketing,Sales Representative,1/13/2019
239,Robin,rverne6m@sakura.ne.jp,Senior Financial Analyst,Support,VP Product Management,3/17/2015
240,Donnamarie,dvanhault6n@digg.com,Community Outreach Specialist,Product Management,Senior Sales Associate,11/17/2010
241,Kort,kbolter6o@timesonline.co.uk,Database Administrator I,Business Development,Account Coordinator,6/19/2010
242,Lonni,lteall6p@hubpages.com,Programmer IV,Sales,Senior Quality Engineer,1/18/2012
243,Gregory,gtaig6q@cdc.gov,Internal Auditor,Legal,Payment Adjustment Coordinator,9/18/2003
244,Zarah,zfransoni6r@usa.gov,Tax Accountant,Engineering,Software Test Engineer I,12/13/2009
245,Arlyn,awenderoth6s@vimeo.com,Media Manager III,Services,Actuary,1/17/2000
246,Gwyneth,gfidelus6t@hp.com,Marketing Assistant,Support,Database Administrator IV,7/14/2002
247,Berkie,bbasnett6u@creativecommons.org,Occupational Therapist,Engineering,Accounting Assistant II,10/4/2021
248,Cheryl,cwibrew6v@examiner.com,Account Executive,Support,Staff Accountant II,2/27/2000
249,Celene,cstede6w@sun.com,Tax Accountant,Research and Development,Senior Editor,3/30/2009
250,Emmy,emervyn6x@trellian.com,Chemical Engineer,Services,Staff Scientist,3/20/2000
251,Vikky,vkite6y@trellian.com,Computer Systems Analyst IV,Product Management,Senior Developer,1/20/2011
252,Desdemona,dlangtry6z@webs.com,Operator,Legal,Social Worker,8/19/2022
253,Jourdan,jwitton70@wikipedia.org,Physical Therapy Assistant,Sales,Social Worker,10/29/2017
254,Korrie,klabrom71@ocn.ne.jp,Financial Analyst,Research and Development,Accounting Assistant II,2/4/2018
255,Drusy,dvalentinuzzi72@census.gov,Senior Cost Accountant,Business Development,Account Representative II,11/1/2004
256,Gussi,gkaufman73@bbc.co.uk,Systems Administrator III,Marketing,Senior Editor,3/3/2017
257,Kalina,kcrowdson74@163.com,Tax Accountant,Business Development,VP Sales,8/3/2013
258,Sibyl,sstanesby75@addtoany.com,Product Engineer,Business Development,Analog Circuit Design manager,12/26/2008
259,Delora,djesson76@xinhuanet.com,Analyst Programmer,Research and Development,Account Executive,4/12/2011
260,Willette,wspleving77@printfriendly.com,Chief Design Engineer,Accounting,Senior Quality Engineer,3/6/2020
261,Melodee,mdillinger78@webnode.com,Environmental Tech,Business Development,Human Resources Assistant IV,4/25/2019
262,Samuel,scrucitti79@mozilla.org,VP Accounting,Business Development,Staff Scientist,1/10/2022
263,Wallie,wfowlie7a@marriott.com,Civil Engineer,Engineering,Civil Engineer,7/20/2003
264,Bria,bsmout7b@archive.org,Geological Engineer,Legal,Assistant Manager,8/1/2017
265,Stanford,shackforth7c@jalbum.net,VP Accounting,Legal,Clinical Specialist,12/25/2010
266,Gaelan,gheymann7d@diigo.com,Technical Writer,Training,Financial Advisor,6/18/2005
267,Garth,gabramino7e@npr.org,VP Quality Control,Support,Technical Writer,12/25/2019
268,Shannan,sabarrow7f@economist.com,Civil Engineer,Training,Information Systems Manager,10/22/2019
269,Lesya,lfoucher7g@nymag.com,Biostatistician III,Training,Electrical Engineer,3/18/2007
270,Idaline,ifalkous7h@domainmarket.com,Physical Therapy Assistant,Legal,Internal Auditor,8/22/2021
271,Moishe,mhutcheson7i@eepurl.com,Librarian,Accounting,Budget/Accounting Analyst II,5/4/2019
272,Tarrah,tdonohoe7j@si.edu,Chemical Engineer,Human Resources,Recruiting Manager,11/6/2017
273,Norri,ngrimme7k@geocities.jp,Marketing Manager,Research and Development,Senior Editor,1/20/2005
274,Melloney,mtaylorson7l@dailymail.co.uk,Actuary,Services,Statistician II,4/13/2019
275,Jake,jgillcrist7m@wikispaces.com,Human Resources Assistant II,Marketing,Technical Writer,3/26/2004
276,Katharine,kaleksidze7n@guardian.co.uk,Research Assistant III,Legal,Systems Administrator III,10/9/2020
277,Ole,otumber7o@disqus.com,Environmental Tech,Legal,Research Assistant III,3/8/2002
278,Daniele,dcordingly7p@marketwatch.com,Quality Engineer,Human Resources,Structural Analysis Engineer,10/11/2019
279,Winn,wspedding7q@globo.com,Financial Advisor,Product Management,Senior Quality Engineer,5/8/2018
280,Crystie,ctellett7r@woothemes.com,Programmer IV,Engineering,Food Chemist,7/11/2015
281,Marya,mdutchburn7s@amazonaws.com,Recruiter,Product Management,Registered Nurse,7/29/2017
282,Harper,haspin7t@upenn.edu,Senior Developer,Legal,Quality Control Specialist,6/10/2019
283,Sheffy,scauthra7u@army.mil,Geological Engineer,Support,Assistant Manager,2/21/2019
284,Darsey,dpawlicki7v@blogs.com,VP Sales,Marketing,Sales Representative,4/17/2002
285,Tony,tpoundsford7w@dmoz.org,Marketing Assistant,Human Resources,Paralegal,6/6/2003
286,Zara,zmylchreest7x@cbc.ca,Assistant Media Planner,Legal,Design Engineer,9/30/2022
287,Dede,dhixley7y@unesco.org,Systems Administrator III,Accounting,Computer Systems Analyst IV,4/1/2016
288,Orville,oliebermann7z@ycombinator.com,GIS Technical Architect,Accounting,Marketing Assistant,1/25/2009
289,Lynette,lburtwhistle80@ucoz.com,Programmer Analyst II,Services,Mechanical Systems Engineer,11/15/2004
290,Andreas,aoakeshott81@e-recht24.de,Account Executive,Accounting,Registered Nurse,8/19/2007
291,Pavel,pdeluce82@miibeian.gov.cn,Environmental Tech,Accounting,Computer Systems Analyst II,10/31/2007
292,Rena,rmarchington83@techcrunch.com,Software Engineer III,Business Development,Administrative Assistant III,10/18/2012
293,Becky,bphilcott84@tumblr.com,Physical Therapy Assistant,Business Development,Geologist I,1/27/2021
294,Wren,wburbury85@paginegialle.it,Nuclear Power Engineer,Sales,Administrative Officer,2/6/2018
295,Yelena,yheinzel86@harvard.edu,Computer Systems Analyst IV,Product Management,Senior Editor,1/13/2007
296,Raimundo,rwhitehorn87@google.es,Account Coordinator,Human Resources,Information Systems Manager,11/18/2019
297,Salvidor,ssancias88@paginegialle.it,Chemical Engineer,Sales,Senior Quality Engineer,11/30/2008
298,Corene,cpeasey89@last.fm,Director of Sales,Training,Teacher,6/4/2003
299,Lolly,lpetters8a@purevolume.com,Web Designer II,Engineering,Senior Editor,4/12/2019
300,Celia,cthorn8b@a8.net,Speech Pathologist,Sales,Occupational Therapist,6/29/2012
301,Haleigh,hbucknall8c@digg.com,Research Nurse,Product Management,Account Executive,7/5/2014
302,Bart,bhanssmann8d@theatlantic.com,Web Designer III,Services,Senior Editor,1/30/2010
303,Berty,bnewsham8e@hud.gov,Help Desk Operator,Training,Programmer III,7/26/2006
304,Rutherford,rmatyja8f@google.ca,Professor,Support,Staff Scientist,4/29/2015
305,Lee,lcostelloe8g@lycos.com,Engineer IV,Marketing,Clinical Specialist,10/10/2019
306,Gaelan,gtouret8h@toplist.cz,Computer Systems Analyst II,Sales,Senior Editor,4/28/2014
307,Amii,aandrei8i@mediafire.com,Nurse Practicioner,Human Resources,Project Manager,3/20/2016
308,Claudie,cbatho8j@wikia.com,Senior Developer,Engineering,VP Sales,3/17/2014
309,Merissa,mmullarkey8k@dmoz.org,Editor,Marketing,Paralegal,5/16/2015
310,Celie,cpeople8l@sitemeter.com,Marketing Assistant,Business Development,Geological Engineer,6/17/2019
311,Catherine,cwillmore8m@vinaora.com,Dental Hygienist,Sales,Legal Assistant,4/9/2022
312,Pammie,pmanger8n@twitter.com,Budget/Accounting Analyst I,Product Management,Computer Systems Analyst III,7/25/2005
313,Goober,gpennycock8o@shop-pro.jp,Statistician IV,Sales,Graphic Designer,5/9/2019
314,Timotheus,tdrayson8p@amazon.com,Associate Professor,Services,Junior Executive,7/5/2018
315,Dirk,dburd8q@scribd.com,Research Assistant I,Sales,Product Engineer,8/27/2018
316,Alric,afearn8r@discuz.net,Environmental Specialist,Services,Database Administrator III,10/1/2012
317,Stephannie,slinforth8s@cdbaby.com,Speech Pathologist,Human Resources,Nurse Practicioner,12/23/2015
318,Gabey,giannini8t@dion.ne.jp,Software Engineer IV,Support,Database Administrator I,5/6/2009
319,Sela,skneeshaw8u@usgs.gov,Quality Control Specialist,Business Development,Senior Quality Engineer,5/20/2012
320,Wini,wjuste8v@princeton.edu,Product Engineer,Sales,Structural Analysis Engineer,12/4/2010
321,Angelita,amatheson8w@addtoany.com,Help Desk Technician,Business Development,Software Consultant,11/3/2007
322,Sandy,scoller8x@opensource.org,Web Designer II,Training,Media Manager IV,7/19/2005
323,Alexia,ashorthouse8y@google.es,Administrative Officer,Human Resources,Electrical Engineer,1/16/2016
324,Sande,sspittles8z@stumbleupon.com,Tax Accountant,Product Management,Senior Cost Accountant,3/29/2012
325,Darrell,dstebbing90@irs.gov,Project Manager,Training,Budget/Accounting Analyst II,10/9/2011
326,Antoine,amattei91@zdnet.com,Actuary,Accounting,Statistician IV,10/6/2021
327,Corinna,cglanton92@bluehost.com,Analyst Programmer,Marketing,Nurse Practicioner,11/29/2004
328,Atlanta,ahallick93@marketwatch.com,Senior Developer,Human Resources,Software Test Engineer IV,6/5/2003
329,Anjanette,acaple94@mtv.com,Web Developer III,Services,Assistant Media Planner,9/9/2001
330,Dilan,ddurber95@smugmug.com,Quality Control Specialist,Accounting,Administrative Assistant II,12/3/2014
331,Erma,eomara96@amazonaws.com,Legal Assistant,Business Development,Analog Circuit Design manager,2/12/2002
332,Deva,dofearguise97@icq.com,Assistant Media Planner,Marketing,Editor,9/19/2000
333,Ardis,aonoland98@qq.com,Programmer Analyst III,Engineering,Tax Accountant,2/16/2003
334,Jolee,jwagenen99@utexas.edu,Assistant Professor,Accounting,Paralegal,9/13/2018
335,Link,lhabbergham9a@columbia.edu,Accountant II,Support,Quality Control Specialist,6/14/2006
336,Lenette,lbolver9b@gizmodo.com,Analog Circuit Design manager,Training,Structural Engineer,5/24/2003
337,Antons,ahruska9c@jiathis.com,Dental Hygienist,Product Management,Developer II,7/13/2011
338,Dionysus,denevoldsen9d@seattletimes.com,Financial Analyst,Legal,Technical Writer,6/1/2002
339,Baron,bcrosskell9e@cdbaby.com,Office Assistant IV,Services,Legal Assistant,8/14/2017
340,Noah,nthurlby9f@fda.gov,Executive Secretary,Research and Development,Junior Executive,12/16/2012
341,Elmer,eevason9g@vinaora.com,Junior Executive,Legal,Executive Secretary,11/15/2014
342,Carleen,chardypiggin9h@mit.edu,Developer II,Accounting,VP Marketing,12/4/2006
343,Raoul,rclubley9i@biglobe.ne.jp,Human Resources Assistant IV,Marketing,Product Engineer,5/20/2012
344,Shayne,snewsham9j@blogger.com,Actuary,Services,Senior Cost Accountant,4/20/2019
345,Roddie,rbothams9k@rambler.ru,Account Representative I,Human Resources,Safety Technician I,7/23/2007
346,Moyna,mmarsden9l@globo.com,VP Quality Control,Engineering,Tax Accountant,2/29/2020
347,Palmer,pcumbers9m@yolasite.com,Assistant Professor,Product Management,Technical Writer,3/18/2009
348,Kirstyn,kstag9n@mayoclinic.com,Software Engineer I,Services,Assistant Manager,3/22/2021
349,Alan,acaughtry9o@example.com,Internal Auditor,Services,Media Manager I,6/5/2001
350,Cora,cbednall9p@umn.edu,Staff Scientist,Support,Nurse Practicioner,11/2/2021
351,Kristien,kbellfield9q@illinois.edu,Budget/Accounting Analyst I,Legal,Social Worker,2/20/2005
352,Grier,glotterington9r@amazon.co.jp,Desktop Support Technician,Engineering,Senior Financial Analyst,7/20/2011
353,Bryant,bpercy9s@ed.gov,Product Engineer,Services,Account Coordinator,11/30/2014
354,Nathan,nmaccague9t@about.com,Staff Scientist,Services,Graphic Designer,9/3/2004
355,Mikkel,mmacfadyen9u@who.int,Community Outreach Specialist,Product Management,Account Executive,4/25/2022
356,Reamonn,ralbion9v@home.pl,Data Coordinator,Sales,Account Coordinator,9/22/2014
357,Darrick,dbachelar9w@hc360.com,Information Systems Manager,Legal,Help Desk Operator,9/14/2022
358,Maddi,mmeiklam9x@indiatimes.com,Health Coach I,Support,Registered Nurse,3/27/2004
359,Harlan,hdidello9y@cpanel.net,Sales Representative,Human Resources,Nuclear Power Engineer,8/23/2015
360,Meggy,mwalrond9z@jigsy.com,Assistant Manager,Training,Assistant Professor,9/8/2006
361,Hubert,hgosneya0@squarespace.com,Financial Analyst,Marketing,Nurse Practicioner,4/5/2009
362,Cal,cmccarrolla1@irs.gov,Desktop Support Technician,Product Management,Statistician II,10/20/2022
363,Idalina,itollidaya2@senate.gov,Director of Sales,Product Management,Payment Adjustment Coordinator,6/2/2014
364,Arnold,aolletta3@clickbank.net,Structural Engineer,Training,Recruiting Manager,6/10/2011
365,Josi,jwesterna4@sbwire.com,Social Worker,Product Management,Pharmacist,4/10/2013
366,Correy,cgrishagina5@wufoo.com,Design Engineer,Accounting,Health Coach I,5/10/2020
367,Manda,mseifa6@elegantthemes.com,Structural Analysis Engineer,Business Development,Account Representative III,10/10/2010
368,Steffie,shumpherstona7@hubpages.com,Structural Analysis Engineer,Support,Geological Engineer,9/24/2008
369,Gabriello,gburehilla8@wix.com,Professor,Training,Office Assistant II,10/8/2010
370,Carmelle,cfreeburya9@ft.com,Executive Secretary,Legal,Analyst Programmer,4/17/2021
371,Shir,sstredderaa@ovh.net,Graphic Designer,Business Development,Payment Adjustment Coordinator,5/17/2015
372,Antonia,aovenellab@house.gov,Account Executive,Marketing,Analyst Programmer,10/15/2002
373,Grata,gmarzelliac@mayoclinic.com,Web Developer III,Human Resources,Tax Accountant,9/18/2000
374,Norman,ncousenad@geocities.com,Project Manager,Human Resources,Speech Pathologist,1/26/2013
375,Tierney,tedgerlyae@cdc.gov,Nurse Practicioner,Marketing,Business Systems Development Analyst,12/3/2009
376,Farlay,fcossoraf@eepurl.com,Executive Secretary,Engineering,Project Manager,6/5/2017
377,Arney,ajarmanag@qq.com,Programmer Analyst III,Accounting,Human Resources Manager,4/4/2013
378,Pearla,pdallaghanah@nymag.com,Clinical Specialist,Services,Human Resources Assistant III,2/10/2002
379,Esta,ebexonai@ft.com,Graphic Designer,Services,Programmer Analyst IV,7/9/2005
380,Tammie,taucuttaj@huffingtonpost.com,Safety Technician I,Accounting,VP Product Management,11/29/2004
381,Ekaterina,eyegorkovak@livejournal.com,Assistant Professor,Support,Data Coordinator,7/29/2000
382,Licha,lcastellal@slideshare.net,Librarian,Engineering,Nuclear Power Engineer,3/5/2012
383,Marnie,mkretschmeram@dyndns.org,Account Representative III,Accounting,Registered Nurse,2/6/2011
384,Nil,npallaskean@archive.org,Analyst Programmer,Product Management,Senior Sales Associate,6/12/2015
385,Tamqrah,tmcronaldao@eventbrite.com,Web Developer IV,Accounting,Environmental Tech,6/24/2011
386,Evyn,edunksap@deviantart.com,GIS Technical Architect,Engineering,Paralegal,3/7/2020
387,Crysta,cchildrensaq@state.tx.us,Internal Auditor,Sales,Financial Analyst,4/9/2008
388,Lizbeth,lkettsar@comcast.net,Legal Assistant,Human Resources,Structural Engineer,7/11/2001
389,Howard,hthorburnas@harvard.edu,Automation Specialist I,Research and Development,Statistician II,5/9/2016
390,Jaime,jtourneat@angelfire.com,Product Engineer,Human Resources,Senior Financial Analyst,7/5/2016
391,Daveta,dratnageau@angelfire.com,Account Coordinator,Accounting,General Manager,5/15/2005
392,Angelique,aaismanav@amazonaws.com,Account Coordinator,Marketing,Graphic Designer,8/25/2011
393,Erina,ehaburneaw@craigslist.org,Web Developer IV,Legal,Staff Accountant IV,2/3/2008
394,Eloise,efeganax@go.com,Research Associate,Support,Clinical Specialist,1/2/2020
395,Leonore,lbrientay@sciencedaily.com,Research Nurse,Training,Dental Hygienist,9/29/2006
396,Petronella,pwithropaz@constantcontact.com,Environmental Tech,Services,Director of Sales,9/30/2000
397,Evered,ekingabyb0@youku.com,Account Representative IV,Training,Registered Nurse,5/4/2019
398,Ari,ahammerstoneb1@free.fr,Librarian,Training,Computer Systems Analyst II,4/3/2017
399,Twyla,tschulerb2@fotki.com,Research Assistant III,Sales,Project Manager,12/18/2020
400,Mikaela,mphinnessyb3@webnode.com,Teacher,Product Management,Safety Technician III,9/1/2019
401,Ferrell,fcoggerb4@yellowbook.com,Structural Engineer,Business Development,Quality Engineer,1/3/2021
402,Annamaria,agoadsbyb5@fc2.com,Nuclear Power Engineer,Product Management,Computer Systems Analyst I,12/18/2016
403,Sandye,socrottyb6@dell.com,Internal Auditor,Product Management,Senior Quality Engineer,10/1/2020
404,Brucie,bgarsideb7@weather.com,Chief Design Engineer,Engineering,Design Engineer,9/6/2002
405,Derick,dvidlocb8@marriott.com,Help Desk Technician,Engineering,Research Associate,7/12/2018
406,Billy,bsushamsb9@tinyurl.com,Food Chemist,Product Management,Senior Sales Associate,12/29/2001
407,Welsh,wpallinba@sfgate.com,Geologist IV,Support,Staff Scientist,8/2/2010
408,Fedora,fconnochiebb@vimeo.com,Speech Pathologist,Accounting,Systems Administrator IV,6/20/2001
409,Pail,psimpkissbc@ebay.com,Junior Executive,Product Management,Safety Technician III,3/12/2006
410,Iain,icutillbd@cbc.ca,Marketing Manager,Sales,Safety Technician II,10/13/2004
411,Miranda,mparfettbe@yellowbook.com,Teacher,Engineering,Web Developer I,3/29/2002
412,Jocelyne,jbottomsbf@cloudflare.com,VP Sales,Services,Database Administrator III,3/13/2002
413,Laurianne,lgilderbg@infoseek.co.jp,Account Coordinator,Training,Budget/Accounting Analyst II,7/13/2020
414,Broderick,bbyrnesbh@salon.com,Graphic Designer,Marketing,Project Manager,5/9/2005
415,Jeramey,jashplantbi@about.com,Safety Technician IV,Services,Environmental Tech,12/5/2018
416,Ellissa,ewordleybj@nifty.com,Project Manager,Support,Research Nurse,4/12/2018
417,Izak,iroggebk@tamu.edu,Web Designer I,Legal,Nuclear Power Engineer,11/18/2020
418,Matthiew,mhuccabybl@woothemes.com,Analyst Programmer,Training,Assistant Professor,5/14/2022
419,Darwin,dlangmuirbm@bing.com,Senior Developer,Engineering,Programmer Analyst III,11/8/2022
420,Nilson,nwestpfelbn@ucoz.ru,Compensation Analyst,Research and Development,Research Associate,6/7/2015
421,Crawford,csperebo@amazon.co.uk,Librarian,Legal,Staff Accountant I,12/29/2003
422,Harwilll,hbullerwellbp@shop-pro.jp,Chemical Engineer,Business Development,Human Resources Assistant II,5/6/2006
423,Nikolas,nmeaddowcroftbq@soup.io,VP Marketing,Product Management,Junior Executive,10/27/2021
424,Buffy,bsteinhambr@friendfeed.com,Statistician III,Engineering,Web Designer II,12/5/2018
425,Giorgia,gmanchesterbs@disqus.com,Biostatistician II,Support,Human Resources Manager,6/8/2004
426,Gill,gmityashinbt@51.la,Senior Editor,Support,Recruiting Manager,11/3/2007
427,Penelopa,pfishleybu@usnews.com,Dental Hygienist,Human Resources,Analog Circuit Design manager,1/8/2013
428,Clara,chaggerstonebv@wikispaces.com,Account Executive,Training,Clinical Specialist,1/14/2007
429,Creighton,csalzenbw@youtu.be,Software Consultant,Training,Account Representative III,3/13/2010
430,Hyacinthe,hmabeybx@nbcnews.com,VP Quality Control,Business Development,Product Engineer,9/18/2013
431,Sibbie,sbaggianiby@purevolume.com,Technical Writer,Support,Environmental Tech,7/11/2010
432,Bevon,bbecclesbz@yolasite.com,Administrative Assistant III,Human Resources,Database Administrator II,5/12/2017
433,Ennis,eobertc0@nba.com,Editor,Services,Marketing Manager,7/13/2007
434,Tomasine,tjeanessonc1@edublogs.org,Web Developer IV,Product Management,Desktop Support Technician,4/11/2022
435,Francesco,febbittc2@guardian.co.uk,Budget/Accounting Analyst IV,Business Development,Sales Representative,6/19/2021
436,Marj,msevenc3@biblegateway.com,Human Resources Manager,Product Management,Computer Systems Analyst II,1/18/2015
437,Madelina,mnannc4@tuttocitta.it,Nuclear Power Engineer,Services,Marketing Manager,3/4/2018
438,Shanta,sfronczakc5@census.gov,Engineer IV,Product Management,Administrative Assistant III,11/17/2015
439,Cirilo,cheddenc6@sbwire.com,Product Engineer,Accounting,Human Resources Manager,12/11/2020
440,Emelda,elippittc7@diigo.com,Technical Writer,Training,Information Systems Manager,7/11/2001
441,Arvin,alembckec8@ftc.gov,Marketing Assistant,Business Development,Analog Circuit Design manager,11/26/2008
442,Lori,lgidneyc9@themeforest.net,Budget/Accounting Analyst IV,Services,Senior Developer,8/26/2022
443,Selia,sbatrickca@nature.com,Analyst Programmer,Services,Quality Control Specialist,11/20/2008
444,Bella,bmeadwaycb@1und1.de,Marketing Assistant,Business Development,Data Coordinator,3/12/2004
445,Milt,mziemsencc@engadget.com,Staff Scientist,Research and Development,Statistician I,6/15/2008
446,Lief,lstaytcd@umich.edu,Senior Financial Analyst,Training,Senior Developer,6/30/2009
447,Lisetta,ldeverallce@miibeian.gov.cn,Professor,Human Resources,VP Sales,3/4/2021
448,Oralle,oduerdincf@nytimes.com,Graphic Designer,Services,Database Administrator IV,11/6/2017
449,Washington,wdunstercg@nyu.edu,Director of Sales,Legal,Environmental Specialist,10/14/2012
450,Stephani,sjaszczakch@dailymail.co.uk,Recruiting Manager,Human Resources,Marketing Manager,7/8/2008
451,Terrel,tgowenci@livejournal.com,Computer Systems Analyst I,Product Management,Account Executive,4/13/2003
452,Star,slardgecj@hhs.gov,Help Desk Technician,Engineering,Business Systems Development Analyst,4/1/2014
453,Kori,kharfleteck@stumbleupon.com,Marketing Manager,Research and Development,Social Worker,12/1/2022
454,Dido,dmcdonnellcl@diigo.com,Health Coach II,Accounting,Librarian,4/14/2014
455,Melitta,manslowcm@mail.ru,Editor,Marketing,Nuclear Power Engineer,4/24/2018
456,Jessie,jeittercn@unesco.org,Accounting Assistant IV,Support,Executive Secretary,9/14/2004
457,Ancell,afumagalloco@weebly.com,Senior Editor,Engineering,Account Representative IV,2/24/2002
458,Engracia,egilbankscp@examiner.com,Tax Accountant,Research and Development,Automation Specialist IV,10/24/2002
459,Garik,ghubbuckecq@infoseek.co.jp,Actuary,Sales,Administrative Assistant I,9/10/2004
460,Trey,trodolphecr@telegraph.co.uk,Web Developer II,Human Resources,Assistant Manager,11/2/2011
461,Jeff,jdebullioncs@meetup.com,Senior Developer,Marketing,Administrative Assistant III,10/11/2015
462,Tiertza,tsommervillect@vimeo.com,Teacher,Engineering,Chemical Engineer,3/29/2009
463,Aleksandr,ahughillcu@taobao.com,Actuary,Engineering,Software Consultant,12/5/2001
464,Ingelbert,ipatientcv@merriam-webster.com,Data Coordinator,Human Resources,Software Engineer IV,4/6/2003
465,Connie,cschulecw@cam.ac.uk,Librarian,Product Management,Assistant Manager,10/12/2006
466,See,spauloucx@mashable.com,Research Nurse,Legal,Research Nurse,5/19/2015
467,Monroe,mjohlcy@shinystat.com,GIS Technical Architect,Training,Database Administrator III,2/28/2002
468,Arlina,aalesbrookcz@newsvine.com,General Manager,Services,Structural Analysis Engineer,8/28/2018
469,Ibbie,iambrogellid0@comcast.net,Project Manager,Business Development,Graphic Designer,11/16/2019
470,Noak,nswatradged1@google.pl,Social Worker,Support,Data Coordinator,2/22/2017
471,Meriel,mideld2@businessinsider.com,Web Developer IV,Business Development,VP Quality Control,5/14/2015
472,Gale,gmccartand3@constantcontact.com,Mechanical Systems Engineer,Business Development,Administrative Assistant III,2/17/2007
473,Mic,maristided4@sogou.com,Junior Executive,Legal,Senior Developer,10/1/2019
474,Ulrich,ubelfordd5@jalbum.net,Chemical Engineer,Business Development,Assistant Manager,10/3/2003
475,Giana,ghymerd6@uiuc.edu,VP Quality Control,Services,Senior Sales Associate,9/18/2008
476,Thor,treveleyd7@ox.ac.uk,Executive Secretary,Support,Geological Engineer,8/13/2007
477,Clyve,crushtond8@addtoany.com,Design Engineer,Support,Account Executive,6/27/2016
478,Bebe,bffrenchbeytaghd9@fc2.com,Research Nurse,Human Resources,Registered Nurse,5/13/2011
479,Albie,agoffeda@virginia.edu,Geologist II,Legal,Chief Design Engineer,4/29/2006
480,Faun,ffredidb@hubpages.com,VP Marketing,Support,Engineer III,12/14/2010
481,Daniele,dcanedc@indiegogo.com,Quality Engineer,Product Management,General Manager,11/1/2001
482,Jamesy,jedgcombedd@ocn.ne.jp,Account Representative II,Business Development,Chief Design Engineer,11/23/2005
483,Betty,bpedrickde@youtu.be,General Manager,Accounting,Editor,7/10/2021
484,Kennan,knuttalldf@mail.ru,Actuary,Sales,GIS Technical Architect,10/6/2006
485,Goldarina,gteshdg@yahoo.co.jp,Junior Executive,Sales,Clinical Specialist,5/26/2013
486,Clarine,cscanlandh@foxnews.com,Legal Assistant,Legal,Safety Technician I,7/25/2015
487,Sebastien,srobersondi@prnewswire.com,Social Worker,Services,Teacher,4/8/2007
488,Tonie,tfurssedj@blogs.com,Physical Therapy Assistant,Marketing,Sales Associate,5/21/2020
489,Diana,diacobodk@nifty.com,Sales Representative,Training,Geological Engineer,11/10/2000
490,Morlee,mmcilwrickdl@jimdo.com,Senior Developer,Accounting,Account Executive,12/26/2012
491,Carolin,cprandinidm@prnewswire.com,Health Coach I,Marketing,VP Product Management,7/24/2013
492,Vito,vplowesdn@multiply.com,Structural Engineer,Product Management,Junior Executive,6/3/2020
493,Rodolfo,rkattdo@ow.ly,Geologist II,Marketing,Internal Auditor,11/23/2001
494,Lolita,ldiddamsdp@spiegel.de,Accountant III,Marketing,Human Resources Manager,3/22/2013
495,Arlina,aodonohuedq@google.com.br,Software Consultant,Product Management,Actuary,1/6/2020
496,Gayelord,gtrankdr@virginia.edu,Help Desk Technician,Support,Chemical Engineer,8/30/2007
497,Tana,tmccurlyeds@yellowbook.com,Design Engineer,Research and Development,Design Engineer,10/29/2015
498,Anselma,avarkerdt@kickstarter.com,Structural Analysis Engineer,Product Management,Recruiting Manager,5/18/2022
499,Hamel,hcoleridgedu@flickr.com,Graphic Designer,Legal,Assistant Manager,8/9/2010
500,Fielding,ftripondv@sourceforge.net,Electrical Engineer,Services,Paralegal,12/13/2021
501,Tanitansy,tdowddw@tinypic.com,Safety Technician IV,Sales,Financial Analyst,12/22/2012
502,Launce,lrobathamdx@loc.gov,Librarian,Services,Teacher,6/10/2002
503,Ingrim,ibradburydy@bandcamp.com,Assistant Professor,Support,Payment Adjustment Coordinator,6/25/2018
504,Carena,cjaggarddz@privacy.gov.au,General Manager,Accounting,Desktop Support Technician,5/19/2008
505,Lela,lgathere0@clickbank.net,Web Developer I,Accounting,Marketing Assistant,2/14/2006
506,Britni,bwebbere1@nytimes.com,Office Assistant III,Legal,VP Sales,8/7/2001
507,Marnie,mcrocee2@nytimes.com,Senior Sales Associate,Engineering,Media Manager IV,6/5/2005
508,Berk,bbridgewoode3@is.gd,Help Desk Operator,Engineering,Quality Engineer,8/27/2003
509,Teresina,thyame4@indiatimes.com,Sales Representative,Product Management,Graphic Designer,9/23/2019
510,Toby,tmingere5@biglobe.ne.jp,Staff Accountant I,Human Resources,Legal Assistant,1/7/2006
511,Aggi,asmeede6@howstuffworks.com,Marketing Manager,Accounting,Clinical Specialist,7/9/2004
512,Rickard,rrottenburye7@csmonitor.com,Marketing Assistant,Human Resources,Product Engineer,2/26/2017
513,Siusan,sdibbe8@telegraph.co.uk,Food Chemist,Sales,Registered Nurse,2/5/2001
514,Prentice,pgarrette9@acquirethisname.com,Structural Engineer,Sales,Budget/Accounting Analyst IV,10/24/2022
515,Maxi,mboxea@irs.gov,Assistant Professor,Legal,Food Chemist,11/25/2008
516,Leroy,ltackeb@yandex.ru,Accountant III,Marketing,Product Engineer,12/29/2012
517,Bord,bjellybrandec@deliciousdays.com,Structural Analysis Engineer,Engineering,Financial Analyst,6/13/2009
518,Agace,asatcheled@amazon.co.jp,Assistant Media Planner,Training,Food Chemist,3/5/2010
519,Antin,aghentee@biblegateway.com,Data Coordinator,Legal,Assistant Professor,11/22/2014
520,Ana,alanganef@geocities.com,Compensation Analyst,Business Development,Database Administrator III,5/8/2020
521,Melantha,mbruckenteg@fema.gov,VP Product Management,Business Development,Graphic Designer,9/3/2016
522,Colet,ckilshalleh@wunderground.com,Statistician IV,Sales,Human Resources Manager,7/13/2006
523,Davine,dgoveyei@hatena.ne.jp,General Manager,Sales,Director of Sales,5/30/2007
524,Mendy,macombej@devhub.com,Internal Auditor,Legal,Nurse,8/28/2008
525,Hobie,hbernadzkiek@over-blog.com,Quality Engineer,Marketing,Database Administrator I,5/3/2019
526,Emilee,etofaniniel@nature.com,Sales Representative,Sales,Research Nurse,11/8/2009
527,Johnathan,jpinardem@digg.com,Legal Assistant,Human Resources,Senior Sales Associate,7/11/2022
528,Magdaia,mcastiglioneen@icio.us,Community Outreach Specialist,Legal,General Manager,6/26/2015
529,Rhona,rdanahereo@whitehouse.gov,Help Desk Technician,Marketing,Software Engineer I,2/13/2016
530,Maryjane,mdykesep@ovh.net,Office Assistant I,Legal,Compensation Analyst,3/21/2020
531,Cornelius,cogelbeeq@bluehost.com,Staff Accountant II,Product Management,Professor,10/18/2018
532,Brier,bblowerser@about.me,Software Consultant,Product Management,Geologist II,2/13/2007
533,Cornie,cluppittes@umich.edu,Cost Accountant,Sales,Financial Advisor,3/12/2018
534,Maudie,msolanoet@xinhuanet.com,Financial Advisor,Sales,Software Consultant,6/5/2007
535,Rhianna,rmirfieldeu@washington.edu,Senior Quality Engineer,Engineering,Senior Quality Engineer,4/12/2001
536,Pincas,pyoseloffev@wikispaces.com,Software Test Engineer III,Research and Development,Administrative Officer,7/18/2020
537,Jed,jomandew@dell.com,Quality Control Specialist,Services,Financial Analyst,1/5/2001
538,Fin,fendersonex@usa.gov,Registered Nurse,Services,Biostatistician I,2/2/2012
539,Conroy,cdemougeotey@time.com,Human Resources Assistant III,Research and Development,Structural Engineer,3/5/2009
540,Stanwood,sparncuttez@unesco.org,Graphic Designer,Marketing,Engineer I,5/31/2016
541,Mariya,memilienf0@reuters.com,Analyst Programmer,Support,Physical Therapy Assistant,11/29/2000
542,Meghann,mwalczynskif1@nasa.gov,Pharmacist,Training,Registered Nurse,1/12/2016
543,Woody,whusbandsf2@joomla.org,Food Chemist,Human Resources,Information Systems Manager,8/22/2006
544,Tiebout,tmoorerudf3@statcounter.com,Web Developer I,Support,Assistant Professor,3/4/2004
545,Estella,ezupof4@scientificamerican.com,Dental Hygienist,Business Development,Health Coach II,4/25/2009
546,Richardo,rcoundleyf5@tiny.cc,VP Product Management,Sales,Developer IV,9/18/2010
547,Letisha,lpettiferf6@furl.net,Junior Executive,Marketing,Food Chemist,12/16/2022
548,Megan,madmansf7@meetup.com,Assistant Media Planner,Training,Analyst Programmer,12/12/2022
549,Nola,ndarcof8@cnet.com,Geologist I,Human Resources,Environmental Specialist,1/10/2008
550,Claybourne,cbartolaccif9@indiatimes.com,Paralegal,Engineering,Sales Representative,4/16/2006
551,Killie,kscownfa@facebook.com,Human Resources Manager,Human Resources,Graphic Designer,4/13/2019
552,Angelo,amatiashvilifb@ted.com,VP Accounting,Services,Graphic Designer,3/13/2006
553,Jennilee,jselffc@joomla.org,Teacher,Engineering,Design Engineer,9/21/2015
554,Marabel,mhastlerfd@jugem.jp,VP Accounting,Accounting,Statistician II,11/13/2009
555,Cyrillus,cgreenerfe@cafepress.com,Food Chemist,Human Resources,Health Coach II,4/11/2008
556,Brodie,bjackff@webnode.com,Assistant Media Planner,Accounting,Analyst Programmer,1/23/2006
557,Shelba,sdirobertofg@canalblog.com,Programmer IV,Product Management,Cost Accountant,6/14/2015
558,Marchall,mnettifh@imageshack.us,Chief Design Engineer,Services,Computer Systems Analyst II,12/18/2021
559,Gusti,gcheckettsfi@cargocollective.com,Speech Pathologist,Human Resources,Assistant Professor,7/14/2000
560,Melisandra,mhouldinfj@jigsy.com,Health Coach I,Research and Development,Human Resources Assistant III,6/5/2007
561,Deonne,daimfk@alibaba.com,Analog Circuit Design manager,Accounting,Pharmacist,8/13/2005
562,Jarvis,jginleyfl@etsy.com,Senior Quality Engineer,Accounting,Safety Technician III,9/3/2002
563,Mendie,moreganfm@chron.com,Health Coach II,Product Management,Programmer Analyst IV,11/27/2006
564,Greer,gkeighlyfn@globo.com,Recruiter,Accounting,Professor,7/8/2001
565,Lizzie,lmichelottifo@yale.edu,General Manager,Sales,Environmental Specialist,5/28/2021
566,Maurise,mknevitfp@narod.ru,Administrative Assistant IV,Product Management,Software Engineer I,9/28/2018
567,Ellary,esheerefq@utexas.edu,Geologist IV,Sales,Senior Cost Accountant,1/6/2020
568,Kaspar,knorthcottfr@hexun.com,Nuclear Power Engineer,Services,Editor,11/12/2002
569,Farr,fbenoixfs@dot.gov,Research Assistant II,Marketing,Payment Adjustment Coordinator,7/20/2015
570,Ilyssa,imacauleyft@tmall.com,Systems Administrator III,Legal,Quality Control Specialist,1/9/2016
571,Chucho,cmcbayfu@ezinearticles.com,Human Resources Manager,Support,Senior Editor,9/5/2002
572,Phillida,pkornfv@google.ca,Pharmacist,Services,Software Consultant,8/19/2015
573,Marco,mgoodinfw@gizmodo.com,Senior Quality Engineer,Product Management,Account Coordinator,5/23/2004
574,Ediva,eshiresfx@myspace.com,VP Quality Control,Sales,Assistant Manager,10/14/2015
575,Ruthe,rradwellfy@pen.io,Software Engineer I,Human Resources,Geologist II,4/24/2007
576,Samantha,srobbiefz@gov.uk,Civil Engineer,Training,General Manager,6/28/2017
577,Lawrence,lbrownswordg0@mozilla.org,Graphic Designer,Engineering,Automation Specialist II,6/17/2001
578,Germana,gfrancescog1@slideshare.net,Automation Specialist IV,Marketing,VP Marketing,8/30/2019
579,Amandie,aportchg2@umich.edu,Chemical Engineer,Sales,Health Coach II,9/30/2001
580,Temple,tlourensg3@accuweather.com,Design Engineer,Training,Community Outreach Specialist,2/29/2000
581,Hewet,hbehng4@patch.com,Actuary,Services,Junior Executive,9/13/2001
582,Zolly,zdalzellg5@youku.com,Recruiter,Product Management,Registered Nurse,3/16/2020
583,Livy,lpressnellg6@yale.edu,Geological Engineer,Marketing,Software Consultant,8/28/2014
584,Milicent,mfenixg7@163.com,Database Administrator IV,Support,Quality Control Specialist,7/1/2020
585,Fredi,fbeardsworthg8@phpbb.com,Office Assistant IV,Legal,Chemical Engineer,2/13/2003
586,Sally,sburnellg9@zdnet.com,Chemical Engineer,Sales,Legal Assistant,6/28/2005
587,Krishnah,kstrangwardga@europa.eu,Staff Scientist,Engineering,Computer Systems Analyst III,7/22/2015
588,Marieann,mbeveridgegb@sogou.com,Account Representative III,Research and Development,Quality Engineer,12/18/2001
589,Lancelot,ltourgc@free.fr,Business Systems Development Analyst,Legal,Human Resources Assistant IV,1/18/2002
590,Marta,mhaydengd@printfriendly.com,Nuclear Power Engineer,Training,Accounting Assistant III,11/6/2008
591,Dulciana,dcraykerge@dropbox.com,Structural Engineer,Marketing,VP Marketing,11/3/2019
592,Ester,emaltgf@howstuffworks.com,Internal Auditor,Accounting,Teacher,2/24/2004
593,Hertha,hschankelgg@sun.com,Project Manager,Product Management,Cost Accountant,4/28/2007
594,Blane,bgiffengh@devhub.com,Structural Analysis Engineer,Training,Executive Secretary,2/19/2002
595,Cate,cfairsgi@java.com,Graphic Designer,Engineering,Web Designer I,3/31/2005
596,Thomasin,tpreslandgj@shareasale.com,Actuary,Human Resources,Marketing Assistant,12/10/2003
597,Ker,kaxcelgk@wordpress.com,Quality Engineer,Sales,Librarian,9/2/2011
598,Sheffie,smucklowgl@gmpg.org,GIS Technical Architect,Support,Electrical Engineer,12/7/2019
599,Cloe,csatfordgm@nationalgeographic.com,Marketing Assistant,Research and Development,Graphic Designer,12/20/2022
600,Barnebas,bwiffengn@dion.ne.jp,Nuclear Power Engineer,Legal,Project Manager,5/1/2000
601,Pascal,pgildersleevego@weibo.com,Web Designer II,Business Development,Senior Developer,9/23/2000
602,Wallie,wbelhomegp@psu.edu,Recruiting Manager,Business Development,Design Engineer,9/4/2016
603,Jessi,jdaffeygq@unc.edu,Programmer Analyst III,Support,Financial Advisor,8/5/2022
604,Terrance,talwaygr@ebay.com,Tax Accountant,Product Management,Account Coordinator,6/25/2000
605,Thedric,tsproulsgs@infoseek.co.jp,Compensation Analyst,Engineering,Graphic Designer,10/27/2009
606,Danie,dcamillettigt@dion.ne.jp,Staff Accountant IV,Product Management,VP Marketing,8/3/2019
607,Joceline,jpeelegu@epa.gov,Professor,Training,Recruiting Manager,3/2/2011
608,Lindon,ldeerrgv@netscape.com,Nurse,Legal,Software Engineer III,1/19/2011
609,Xaviera,xcraythorngw@imdb.com,Senior Quality Engineer,Sales,Sales Associate,5/8/2013
610,Sanford,smendenhallgx@netvibes.com,VP Product Management,Services,Design Engineer,2/24/2016
611,Aveline,amanningy@whitehouse.gov,Help Desk Operator,Marketing,Operator,7/12/2016
612,Jeannie,jrauprichgz@smh.com.au,Legal Assistant,Human Resources,Junior Executive,5/12/2022
613,Kim,kcostanh0@newyorker.com,Media Manager I,Sales,Health Coach III,6/28/2021
614,Farrell,fgilyatth1@blogs.com,Human Resources Assistant II,Human Resources,Cost Accountant,3/29/2022
615,Nessi,nmerryweatherh2@rambler.ru,Staff Accountant I,Research and Development,Senior Editor,1/28/2015
616,Carroll,ccardinalh3@fc2.com,Assistant Professor,Accounting,Civil Engineer,12/22/2021
617,Loren,lbollamh4@army.mil,Computer Systems Analyst II,Training,Junior Executive,6/25/2011
618,Edin,eblankingh5@de.vu,VP Quality Control,Legal,Programmer I,3/12/2003
619,Xerxes,xpetheridgeh6@state.tx.us,Research Nurse,Training,Civil Engineer,2/12/2002
620,Aline,awoollacotth7@huffingtonpost.com,Senior Editor,Human Resources,VP Accounting,6/10/2017
621,Eugine,eoriginh8@jimdo.com,Teacher,Research and Development,Health Coach IV,9/22/2019
622,Jorey,jellsh9@sogou.com,Senior Editor,Support,VP Product Management,9/23/2010
623,Eldon,escranneyha@cam.ac.uk,Systems Administrator I,Product Management,Clinical Specialist,8/25/2009
624,Tom,thexthb@wufoo.com,Account Representative IV,Accounting,Web Designer III,2/6/2006
625,Rafi,rarchardhc@newyorker.com,Health Coach II,Sales,Office Assistant II,7/22/2002
626,Cairistiona,cwoolgarhd@theatlantic.com,Operator,Accounting,Chemical Engineer,9/6/2014
627,Flossi,fkinchleahe@miibeian.gov.cn,Human Resources Manager,Support,Food Chemist,4/29/2013
628,Bancroft,bsweatmanhf@jigsy.com,Product Engineer,Sales,Budget/Accounting Analyst III,11/3/2004
629,Gale,galyokhinhg@dot.gov,Professor,Marketing,Human Resources Assistant IV,1/3/2016
630,Vito,vmatissoffhh@fema.gov,Staff Scientist,Support,Community Outreach Specialist,11/28/2016
631,Iorgos,icliffthi@europa.eu,Developer II,Training,Editor,6/20/2014
632,Purcell,pfaussethj@storify.com,Senior Sales Associate,Research and Development,Environmental Tech,12/19/2001
633,Saundra,sguesfordhk@nps.gov,Research Nurse,Training,Social Worker,5/20/2003
634,Cozmo,ckalvinhl@twitter.com,Business Systems Development Analyst,Marketing,Web Designer I,12/14/2011
635,Alvira,awearnhm@census.gov,Account Executive,Sales,Biostatistician IV,4/2/2008
636,Carmelina,ctarneyhn@boston.com,VP Sales,Research and Development,Computer Systems Analyst II,1/18/2007
637,Benny,bjereattho@51.la,Environmental Tech,Product Management,Accountant III,7/1/2009
638,Reggie,rhalfhidehp@gravatar.com,Assistant Manager,Accounting,Programmer III,12/29/2001
639,Stanly,sdochertyhq@tumblr.com,Financial Advisor,Business Development,Accountant IV,11/26/2004
640,Myriam,mdodshr@cam.ac.uk,Food Chemist,Human Resources,Sales Associate,7/12/2015
641,Maible,mmacdowalhs@odnoklassniki.ru,Legal Assistant,Legal,Dental Hygienist,2/14/2021
642,Brit,bhidderleyht@oakley.com,Chemical Engineer,Human Resources,Senior Quality Engineer,5/25/2005
643,Tybalt,tbecrafthu@printfriendly.com,Geologist IV,Research and Development,Business Systems Development Analyst,3/2/2008
644,Bevvy,bfridayhv@digg.com,Librarian,Human Resources,VP Product Management,7/8/2011
645,Palm,pbottrillhw@dmoz.org,Librarian,Accounting,Marketing Assistant,1/5/2000
646,Joane,jrichenshx@uol.com.br,Internal Auditor,Research and Development,Help Desk Technician,12/11/2017
647,Holt,hschollickhy@sfgate.com,Nurse,Engineering,Developer III,6/18/2015
648,Alexia,aronchettihz@mysql.com,Computer Systems Analyst III,Accounting,Help Desk Technician,3/13/2003
649,Winnie,wskoggingsi0@studiopress.com,Human Resources Assistant III,Marketing,Pharmacist,1/8/2001
650,Hilliard,hlegeni1@netlog.com,Social Worker,Human Resources,Assistant Professor,12/9/2006
651,Kylen,ksplevingsi2@foxnews.com,Senior Quality Engineer,Legal,Technical Writer,4/2/2003
652,Leonardo,lsnodini3@umn.edu,Recruiting Manager,Research and Development,Analyst Programmer,6/8/2001
653,Nels,nhamberstoni4@google.com.au,Media Manager II,Services,Media Manager IV,10/3/2003
654,Valerye,vgligorijevici5@drupal.org,Mechanical Systems Engineer,Engineering,Research Associate,8/29/2003
655,Matias,mrainsi6@google.fr,Geological Engineer,Marketing,Cost Accountant,11/24/2019
656,Chalmers,cmacdonoghi7@netscape.com,Office Assistant II,Human Resources,Community Outreach Specialist,6/30/2001
657,Nicky,nskedi8@dailymotion.com,Professor,Support,Biostatistician IV,4/24/2000
658,Godfry,ghathwayi9@parallels.com,General Manager,Accounting,Programmer Analyst II,3/2/2005
659,Micheil,mgopsallia@who.int,Help Desk Technician,Support,Clinical Specialist,3/27/2003
660,Antoni,agosneyib@devhub.com,Cost Accountant,Human Resources,Software Consultant,7/2/2007
661,Estele,eprobertic@biglobe.ne.jp,Safety Technician III,Human Resources,Speech Pathologist,4/10/2015
662,Shanna,smaseykid@eventbrite.com,VP Marketing,Legal,Information Systems Manager,3/20/2002
663,Catie,cnearsie@vkontakte.ru,Physical Therapy Assistant,Research and Development,Staff Accountant II,3/25/2014
664,Linzy,lgladtbachif@moonfruit.com,General Manager,Legal,Assistant Manager,7/5/2015
665,Terrell,tgrinhamig@eventbrite.com,Operator,Product Management,Information Systems Manager,6/26/2010
666,Kandace,kfleisih@livejournal.com,Software Engineer IV,Business Development,Technical Writer,11/30/2015
667,Pavla,pjanzii@go.com,Executive Secretary,Services,Structural Analysis Engineer,3/20/2019
668,Beatrix,bbritcherij@dropbox.com,VP Quality Control,Marketing,Administrative Officer,11/16/2005
669,Bernadette,bwindramik@mozilla.org,Project Manager,Research and Development,Teacher,10/1/2005
670,Llewellyn,lfitzsymonsil@princeton.edu,Senior Cost Accountant,Legal,Marketing Assistant,8/8/2016
671,Gracie,grepperim@google.ca,Account Coordinator,Business Development,VP Product Management,2/1/2014
672,Torrance,tkemmonsin@cbslocal.com,VP Sales,Product Management,Occupational Therapist,11/29/2009
673,Van,vgulkio@ifeng.com,Accountant I,Business Development,Executive Secretary,8/10/2009
674,Linea,lcarneip@geocities.jp,Junior Executive,Business Development,Media Manager II,4/18/2022
675,Anthony,ahelsdoniq@vimeo.com,Software Consultant,Business Development,Pharmacist,2/16/2008
676,Irwin,igentilir@furl.net,Structural Analysis Engineer,Human Resources,Assistant Professor,8/17/2011
677,Dolli,dandreixis@youku.com,Research Assistant III,Accounting,Financial Advisor,3/27/2000
678,Mason,mhillamit@hexun.com,Structural Engineer,Human Resources,Physical Therapy Assistant,10/12/2005
679,Merrili,mjeremiahiu@aol.com,Graphic Designer,Research and Development,Physical Therapy Assistant,3/25/2001
680,Benton,brouthorniv@baidu.com,Programmer II,Legal,Director of Sales,12/3/2010
681,Patin,pcaldicottiw@wordpress.com,Speech Pathologist,Marketing,Recruiter,11/30/2018
682,Mari,mputtergillix@youtu.be,Executive Secretary,Human Resources,Geologist II,8/24/2010
683,Barnard,bbarnewalliy@over-blog.com,Human Resources Assistant III,Legal,VP Product Management,1/19/2012
684,Siegfried,schallenoriz@independent.co.uk,Business Systems Development Analyst,Services,Design Engineer,9/21/2001
685,Ulrica,utopesj0@stanford.edu,Technical Writer,Business Development,Accountant I,5/9/2021
686,Marleah,mthowj1@google.ca,Financial Advisor,Business Development,Product Engineer,7/29/2008
687,Melisenda,mmothj2@stumbleupon.com,Associate Professor,Marketing,Associate Professor,11/11/2022
688,Sibby,sguillej3@usnews.com,VP Product Management,Support,Office Assistant I,10/7/2010
689,Maximo,mfarquharj4@qq.com,Computer Systems Analyst III,Legal,Physical Therapy Assistant,12/8/2003
690,Phebe,pmariaultj5@examiner.com,Electrical Engineer,Engineering,Chemical Engineer,8/9/2007
691,Torin,twetherbyj6@archive.org,Senior Developer,Sales,Computer Systems Analyst III,11/11/2016
692,Carolus,cgramerj7@marketwatch.com,Environmental Tech,Product Management,Nuclear Power Engineer,6/14/2013
693,Gian,gseamenj8@epa.gov,Operator,Business Development,Senior Cost Accountant,9/3/2017
694,Fairleigh,fjoesburyj9@networksolutions.com,Analyst Programmer,Engineering,VP Sales,5/10/2009
695,Christophorus,chillockja@flickr.com,Chief Design Engineer,Training,Senior Developer,12/25/2020
696,Broderick,berrowejb@ucoz.com,Developer II,Services,Chief Design Engineer,2/16/2021
697,Kerstin,kkightlyjc@nature.com,Social Worker,Product Management,GIS Technical Architect,5/9/2009
698,Gaylor,gthorntondewhirstjd@cnn.com,Human Resources Assistant III,Engineering,Human Resources Manager,3/20/2004
699,Shannan,saspeyje@meetup.com,General Manager,Engineering,Staff Scientist,6/9/2014
700,Wait,wchalderjf@phoca.cz,Director of Sales,Sales,Computer Systems Analyst III,7/12/2009
701,Desdemona,dscogginjg@qq.com,Mechanical Systems Engineer,Marketing,Web Designer IV,8/12/2008
702,Sansone,sgilbardjh@gravatar.com,VP Sales,Human Resources,Associate Professor,4/7/2012
703,Emmaline,ekubanekji@unesco.org,Research Associate,Human Resources,Nurse Practicioner,6/30/2017
704,Addia,amcilvaneyjj@dot.gov,General Manager,Business Development,Sales Associate,7/4/2018
705,Farand,fglasbyjk@umich.edu,Database Administrator II,Legal,Financial Advisor,4/5/2012
706,Loretta,lhorsfieldjl@linkedin.com,Research Assistant III,Sales,Registered Nurse,11/26/2000
707,Stephenie,sschottjm@ycombinator.com,Structural Analysis Engineer,Support,Senior Financial Analyst,7/18/2014
708,Violetta,vsymonesjn@army.mil,Structural Analysis Engineer,Sales,Civil Engineer,2/12/2019
709,Mureil,mdemattiajo@census.gov,Administrative Officer,Engineering,Senior Financial Analyst,12/10/2010
710,Jory,jstrikerjp@shinystat.com,Occupational Therapist,Product Management,Automation Specialist IV,4/18/2016
711,Bethena,bgoodswenjq@mapy.cz,Accountant II,Marketing,Software Engineer II,10/25/2019
712,Petrina,phaburnejr@liveinternet.ru,Paralegal,Product Management,Community Outreach Specialist,6/30/2010
713,Bell,bmoffetjs@engadget.com,Teacher,Accounting,Database Administrator III,3/5/2002
714,Verne,vyelljt@oracle.com,Software Consultant,Accounting,Geologist III,7/12/2014
715,Legra,lghelerdiniju@cloudflare.com,Project Manager,Engineering,Senior Quality Engineer,8/28/2018
716,Drusie,dhedonjv@dmoz.org,Analog Circuit Design manager,Business Development,Structural Analysis Engineer,3/13/2011
717,Tiebout,thuxleyjw@zdnet.com,Product Engineer,Legal,Account Coordinator,9/14/2003
718,Nessy,nkleinertjx@ca.gov,Executive Secretary,Services,Community Outreach Specialist,3/7/2019
719,Hewe,hfullickjy@domainmarket.com,Senior Editor,Services,VP Accounting,8/23/2005
720,Aube,amcleodjz@xing.com,Business Systems Development Analyst,Marketing,Occupational Therapist,3/28/2012
721,Irene,imacnultyk0@comcast.net,Actuary,Training,Analyst Programmer,11/11/2018
722,Guy,gcamilik1@weebly.com,Financial Analyst,Accounting,Environmental Tech,1/21/2020
723,Bradan,bshilstonek2@dedecms.com,Geological Engineer,Research and Development,Senior Financial Analyst,1/19/2013
724,Merissa,mbetchleyk3@mapy.cz,Data Coordinator,Human Resources,Senior Cost Accountant,12/31/2012
725,Harmonie,hchecchik4@ebay.co.uk,Paralegal,Sales,Research Associate,8/18/2001
726,Frasier,fmccanek5@exblog.jp,Programmer I,Legal,Research Assistant I,3/11/2001
727,Berny,bsiggsk6@tripod.com,Registered Nurse,Product Management,Graphic Designer,2/5/2017
728,Nealon,nspurrettk7@go.com,Assistant Manager,Marketing,Chief Design Engineer,10/10/2001
729,Avie,asainsburybrownk8@1und1.de,Food Chemist,Product Management,Editor,11/4/2004
730,Atalanta,aboutellierk9@narod.ru,Business Systems Development Analyst,Services,Developer II,7/12/2022
731,Barnard,bhenrionka@reddit.com,Clinical Specialist,Accounting,Operator,7/9/2017
732,Willie,wmanicombkb@disqus.com,Software Consultant,Business Development,Human Resources Manager,7/7/2013
733,Katerina,ksilvermankc@aboutads.info,Statistician II,Support,Registered Nurse,10/20/2021
734,Ahmad,apietruszkakd@delicious.com,Data Coordinator,Accounting,Analyst Programmer,8/10/2001
735,Bobbie,bbyrdeke@mozilla.com,Systems Administrator III,Services,Senior Quality Engineer,5/6/2010
736,Fionna,fwillattskf@time.com,Marketing Assistant,Marketing,Environmental Tech,3/26/2011
737,Dolf,dashburnekg@nba.com,Administrative Assistant III,Services,Senior Cost Accountant,12/28/2001
738,Jared,jcowdreykh@163.com,Assistant Manager,Support,Analog Circuit Design manager,9/5/2014
739,Cathy,cstearneki@sbwire.com,Data Coordinator,Engineering,GIS Technical Architect,10/17/2010
740,Oby,openniallkj@mediafire.com,General Manager,Legal,Financial Advisor,2/9/2007
741,Anita,amaciociakk@netvibes.com,Internal Auditor,Business Development,Chemical Engineer,12/19/2021
742,Kristien,kbalsdonekl@nationalgeographic.com,GIS Technical Architect,Services,Director of Sales,10/16/2016
743,Asher,afaloonkm@usatoday.com,Programmer IV,Support,Systems Administrator III,7/18/2005
744,Rosamund,rhawkn@amazon.de,Account Executive,Services,Senior Financial Analyst,6/20/2004
745,Victoria,vfeedomeko@vistaprint.com,Project Manager,Support,Account Representative I,4/7/2000
746,Elonore,edunsterkp@fc2.com,Paralegal,Sales,Marketing Manager,6/13/2022
747,Evie,ealliotkq@cocolog-nifty.com,Research Associate,Legal,Junior Executive,1/29/2006
748,Davis,djoinseykr@lulu.com,Design Engineer,Training,Staff Scientist,4/24/2002
749,Patric,plubyks@cisco.com,Junior Executive,Legal,Computer Systems Analyst III,7/6/2018
750,Maribeth,mgaughankt@furl.net,Geological Engineer,Business Development,Budget/Accounting Analyst III,8/11/2004
751,Mayne,mlapadulaku@oakley.com,Mechanical Systems Engineer,Product Management,Administrative Officer,3/9/2012
752,Harrison,hrawlekv@hubpages.com,Internal Auditor,Engineering,Chief Design Engineer,11/20/2012
753,Blancha,bsheardkw@networksolutions.com,Assistant Professor,Human Resources,Actuary,6/29/2010
754,Creigh,cwibberleykx@nytimes.com,Software Engineer I,Support,VP Quality Control,5/14/2009
755,Jackson,jroscampsky@tamu.edu,Occupational Therapist,Marketing,Staff Scientist,6/4/2008
756,Amie,agarmkz@woothemes.com,Human Resources Assistant III,Sales,VP Quality Control,10/25/2009
757,Ezechiel,epolgreenl0@ed.gov,Marketing Assistant,Sales,Graphic Designer,10/31/2003
758,Hale,hstannahl1@nsw.gov.au,Office Assistant III,Accounting,Data Coordinator,4/7/2012
759,Brand,bcolledgel2@dropbox.com,Developer IV,Human Resources,Registered Nurse,11/24/2012
760,Boyce,bbaldungl3@weebly.com,Librarian,Accounting,Data Coordinator,7/9/2009
761,Cosetta,cmarmionl4@aboutads.info,Environmental Specialist,Research and Development,Analyst Programmer,10/25/2017
762,Anabelle,aorrettl5@microsoft.com,Technical Writer,Support,Web Designer II,5/25/2014
763,Skipp,sbroughaml6@soundcloud.com,Help Desk Operator,Services,Administrative Officer,6/27/2018
764,Archambault,akibbyl7@wiley.com,Marketing Manager,Human Resources,Account Representative II,9/24/2013
765,Porty,pfootittl8@fastcompany.com,Media Manager IV,Sales,Food Chemist,3/2/2010
766,Analiese,amullochl9@sina.com.cn,Staff Accountant III,Engineering,Senior Editor,2/6/2019
767,Balduin,bmaidstonela@nationalgeographic.com,Automation Specialist IV,Sales,Senior Financial Analyst,2/26/2022
768,Claudelle,chusbandslb@pbs.org,Structural Analysis Engineer,Marketing,Software Consultant,5/4/2005
769,Mickie,mbamburylc@php.net,Social Worker,Business Development,Senior Sales Associate,9/21/2016
770,Steward,sdanielsenld@mit.edu,Research Associate,Product Management,Cost Accountant,7/10/2019
771,Arv,adenshamle@usa.gov,Assistant Professor,Sales,Editor,10/8/2011
772,Timmy,thackerlf@examiner.com,Office Assistant I,Sales,Mechanical Systems Engineer,6/13/2013
773,Guillaume,gwoanlg@tripadvisor.com,Business Systems Development Analyst,Marketing,Community Outreach Specialist,11/14/2021
774,Gan,gcofaxlh@businessweek.com,Programmer Analyst I,Accounting,Editor,5/11/2018
775,Thacher,thowdenli@usnews.com,Help Desk Technician,Human Resources,Quality Engineer,4/23/2007
776,Oswald,otorreslj@washington.edu,Sales Associate,Business Development,Technical Writer,3/13/2018
777,Maddi,mbaffordlk@wikimedia.org,Media Manager II,Training,Systems Administrator II,9/9/2019
778,Eugenie,emilnerll@joomla.org,Safety Technician III,Training,Research Assistant II,12/18/2000
779,Ronny,rflaubertlm@hao123.com,Administrative Officer,Human Resources,Human Resources Manager,6/24/2001
780,Bernhard,bchristieln@huffingtonpost.com,Operator,Research and Development,Operator,6/19/2001
781,Rube,rseverslo@skype.com,Chemical Engineer,Services,Project Manager,5/5/2005
782,Emery,ejakubowiczlp@dot.gov,Environmental Tech,Engineering,Accountant III,8/1/2020
783,Kingsley,kbeynkelq@yahoo.com,Technical Writer,Research and Development,Health Coach IV,11/27/2001
784,Corry,cmableylr@statcounter.com,Registered Nurse,Training,Payment Adjustment Coordinator,5/27/2016
785,Gaye,gmabels@unblog.fr,Nurse,Business Development,Data Coordinator,6/18/2009
786,Muire,mhagyardlt@loc.gov,Analog Circuit Design manager,Accounting,Community Outreach Specialist,1/10/2019
787,Kane,kespositalu@economist.com,Junior Executive,Accounting,Assistant Professor,4/19/2007
788,Kevan,kpelzlv@woothemes.com,Programmer Analyst III,Human Resources,Senior Sales Associate,4/18/2015
789,Issy,ipinchinlw@sohu.com,Engineer III,Support,Desktop Support Technician,3/21/2017
790,Berrie,bchessumlx@wordpress.com,VP Accounting,Human Resources,Director of Sales,9/17/2018
791,Svend,swellly@paginegialle.it,Nuclear Power Engineer,Human Resources,Web Developer IV,3/28/2019
792,Syman,sheelislz@wikimedia.org,Paralegal,Human Resources,Desktop Support Technician,2/3/2003
793,Elianore,esafhillm0@shinystat.com,Social Worker,Business Development,Nurse,7/16/2014
794,Meta,mreichardtm1@walmart.com,Nurse,Legal,Desktop Support Technician,1/30/2012
795,Symon,strimmingm2@un.org,Recruiting Manager,Support,Environmental Specialist,3/9/2004
796,Angelo,ashevellm3@de.vu,Office Assistant III,Business Development,Help Desk Technician,11/19/2010
797,Kirk,kberardm4@xing.com,Associate Professor,Engineering,Recruiting Manager,2/18/2022
798,Roselle,rleggem5@sina.com.cn,Health Coach IV,Human Resources,VP Quality Control,3/11/2005
799,Wiley,wwhybornem6@nytimes.com,Budget/Accounting Analyst IV,Services,Desktop Support Technician,7/29/2006
800,Gilbert,gthewlesm7@who.int,GIS Technical Architect,Research and Development,Environmental Tech,12/14/2014
801,Tome,tcronshawm8@ucoz.ru,Biostatistician II,Sales,Software Test Engineer II,3/13/2004
802,Nikolos,nhartupm9@icio.us,Marketing Manager,Marketing,General Manager,3/17/2013
803,Boniface,bbuffhamma@alexa.com,Internal Auditor,Research and Development,Automation Specialist I,12/11/2003
804,Barri,bbauduinmb@dagondesign.com,Registered Nurse,Engineering,Quality Engineer,9/1/2016
805,Brenda,bmoxhammc@europa.eu,Geological Engineer,Engineering,Internal Auditor,3/29/2015
806,Cornelia,cfreezermd@ox.ac.uk,Software Engineer III,Engineering,Human Resources Assistant I,1/2/2014
807,Rhys,rcluleyme@wordpress.org,General Manager,Sales,Dental Hygienist,12/28/2010
808,Chrisse,cfrancismf@nytimes.com,Internal Auditor,Legal,Project Manager,11/13/2014
809,Julia,jcouvemg@hibu.com,Internal Auditor,Engineering,Programmer Analyst IV,2/24/2018
810,Callean,cdyottmh@live.com,Senior Quality Engineer,Product Management,Graphic Designer,9/23/2013
811,Harri,hbouldermi@ihg.com,Financial Advisor,Support,Administrative Officer,5/15/2013
812,Quill,qespinhamj@tripod.com,Graphic Designer,Product Management,General Manager,1/11/2007
813,Katrina,ksiaskowskimk@shinystat.com,Analyst Programmer,Support,Analyst Programmer,5/6/2022
814,Quintana,qspallml@bizjournals.com,Statistician II,Engineering,Social Worker,6/28/2004
815,Libbie,lweldrickmm@utexas.edu,Financial Analyst,Marketing,Quality Control Specialist,2/27/2019
816,Angele,asuerzmn@cnet.com,Assistant Professor,Services,Mechanical Systems Engineer,4/24/2002
817,Roy,rmallionmo@freewebs.com,Help Desk Technician,Training,Systems Administrator I,8/28/2007
818,Happy,hrobleymp@archive.org,Speech Pathologist,Business Development,Health Coach III,1/5/2012
819,Martina,mfurleymq@google.it,Electrical Engineer,Marketing,VP Accounting,12/15/2015
820,Diannne,dredmellmr@unesco.org,GIS Technical Architect,Training,Statistician II,3/7/2010
821,Joya,jbertolinms@e-recht24.de,VP Quality Control,Human Resources,Geological Engineer,1/5/2016
822,Charmine,chainesmt@sciencedaily.com,Food Chemist,Business Development,VP Accounting,5/4/2011
823,Ryon,rriggeymu@cisco.com,Automation Specialist I,Legal,Environmental Tech,11/17/2016
824,Brnaby,bjinamv@rakuten.co.jp,Chemical Engineer,Human Resources,Community Outreach Specialist,8/23/2008
825,Jaquelin,jgladingmw@furl.net,Senior Developer,Business Development,Pharmacist,5/27/2001
826,Millisent,mconfaitmx@vistaprint.com,Pharmacist,Research and Development,Structural Analysis Engineer,12/22/2008
827,Zorana,zstuchburiemy@gizmodo.com,Systems Administrator II,Support,Research Assistant IV,5/14/2014
828,Miguela,mivanchikovmz@multiply.com,Environmental Specialist,Accounting,Clinical Specialist,5/23/2010
829,Carolin,cebin0@businesswire.com,Research Nurse,Product Management,Geological Engineer,3/16/2022
830,Klarika,kingramn1@usa.gov,GIS Technical Architect,Training,Assistant Professor,5/23/2005
831,Ches,cgummen2@bloomberg.com,Senior Sales Associate,Training,Programmer Analyst III,12/21/2016
832,Willy,wrobathonn3@cafepress.com,Programmer III,Product Management,Librarian,7/16/2015
833,Tally,tfiggenn4@auda.org.au,Accounting Assistant II,Human Resources,Budget/Accounting Analyst II,3/23/2005
834,Phelia,ptenneyn5@netscape.com,Health Coach I,Product Management,Web Developer III,7/17/2020
835,Malissia,mwathenn6@uiuc.edu,Design Engineer,Business Development,Speech Pathologist,12/28/2014
836,Shirley,scallingtonn7@vistaprint.com,Senior Cost Accountant,Support,Food Chemist,6/7/2017
837,Celestyna,ccathcartn8@dropbox.com,Nuclear Power Engineer,Sales,Account Executive,11/12/2020
838,Karyn,knorawayn9@pcworld.com,Junior Executive,Training,Financial Advisor,4/4/2009
839,Ozzy,omaudsonna@freewebs.com,Assistant Media Planner,Engineering,Pharmacist,3/3/2011
840,Kit,kkopfernb@ucoz.ru,Product Engineer,Services,Desktop Support Technician,2/11/2014
841,Maryjo,mchippendalenc@amazonaws.com,Software Test Engineer I,Services,Recruiter,8/20/2000
842,Liva,ljeroschnd@vistaprint.com,Recruiter,Business Development,Assistant Media Planner,4/17/2007
843,Roseanne,rgerlingne@samsung.com,Clinical Specialist,Accounting,Media Manager I,6/29/2019
844,Leland,lheritynf@bloglines.com,Nuclear Power Engineer,Support,Registered Nurse,10/11/2011
845,Libbie,lcarlemanng@hibu.com,Human Resources Assistant II,Support,Help Desk Operator,7/8/2011
846,Amos,astrattennh@npr.org,GIS Technical Architect,Training,Structural Analysis Engineer,10/8/2013
847,Brigitte,bdobellni@g.co,Payment Adjustment Coordinator,Services,Community Outreach Specialist,12/31/2007
848,Roscoe,rissitnj@wiley.com,Legal Assistant,Product Management,Senior Quality Engineer,2/28/2013
849,Penny,pkiddsnk@nature.com,Analog Circuit Design manager,Services,Structural Engineer,8/16/2013
850,Imelda,iwortsnl@cbslocal.com,Programmer IV,Engineering,Junior Executive,9/28/2022
851,Berna,bfearicknm@360.cn,Media Manager II,Product Management,Human Resources Assistant II,2/14/2001
852,Jessi,jpatenn@webnode.com,Analog Circuit Design manager,Engineering,Web Developer I,11/14/2001
853,Syd,singleseno@bloglovin.com,Administrative Assistant IV,Training,Human Resources Assistant I,11/23/2002
854,Cybil,cstretenp@netscape.com,Analog Circuit Design manager,Research and Development,Engineer I,8/3/2020
855,Stevy,sbrakewellnq@e-recht24.de,Physical Therapy Assistant,Training,Research Assistant II,7/13/2011
856,Corella,cskentelberynr@gov.uk,Software Test Engineer III,Engineering,Senior Quality Engineer,10/31/2022
857,West,wrosengrenns@ifeng.com,Senior Developer,Product Management,Recruiting Manager,7/2/2011
858,Pietra,pfillsnt@yahoo.co.jp,Dental Hygienist,Research and Development,Quality Engineer,10/23/2010
859,Brynn,bpetracchinu@joomla.org,Web Developer I,Engineering,Clinical Specialist,6/11/2009
860,Malena,mogradanv@comcast.net,Business Systems Development Analyst,Legal,Help Desk Operator,12/8/2001
861,Cornell,caggusnw@hubpages.com,Quality Engineer,Training,Food Chemist,5/8/2012
862,Sanford,scutmarenx@studiopress.com,Research Assistant IV,Product Management,Assistant Manager,1/13/2003
863,Rafe,rcarrabotny@wisc.edu,Software Consultant,Marketing,Graphic Designer,7/30/2011
864,Katina,kfaersnz@i2i.jp,Account Executive,Support,Environmental Specialist,10/25/2008
865,Cassy,cgoftono0@bbb.org,Nurse Practicioner,Accounting,Accountant II,11/4/2005
866,Brandise,bbellinghamo1@example.com,Structural Analysis Engineer,Research and Development,Internal Auditor,1/14/2022
867,Doroteya,dloblieo2@yelp.com,Financial Advisor,Business Development,Environmental Specialist,1/16/2007
868,Marika,mcartlidgeo3@unblog.fr,Statistician III,Services,Graphic Designer,8/22/2015
869,Alameda,aseverno4@indiatimes.com,Teacher,Support,Editor,1/17/2017
870,Kathrine,kaspyo5@comsenz.com,Programmer IV,Research and Development,Actuary,2/26/2017
871,Berni,bwardingleyo6@epa.gov,Engineer II,Marketing,Cost Accountant,4/14/2013
872,Amye,afermino7@liveinternet.ru,Geological Engineer,Accounting,Associate Professor,12/19/2012
873,Ken,kschildo8@prnewswire.com,Assistant Manager,Services,Associate Professor,12/12/2021
874,Jerrome,jthomersono9@shop-pro.jp,Statistician IV,Business Development,Dental Hygienist,7/31/2011
875,Benton,bgoomsoa@pinterest.com,Payment Adjustment Coordinator,Accounting,Business Systems Development Analyst,2/3/2021
876,Man,mjozefowiczob@meetup.com,Sales Representative,Support,Financial Analyst,2/27/2009
877,Amerigo,alaunderoc@g.co,Information Systems Manager,Research and Development,Structural Analysis Engineer,7/11/2015
878,Veronika,vcastelletod@google.com.hk,Computer Systems Analyst I,Sales,Senior Sales Associate,2/24/2008
879,Torrey,tlegenoe@salon.com,Librarian,Sales,Operator,7/11/2003
880,Laney,lbrockwayof@chicagotribune.com,Occupational Therapist,Services,Senior Quality Engineer,12/28/2005
881,Karine,kstollenbeckerog@people.com.cn,Community Outreach Specialist,Research and Development,Accounting Assistant IV,10/27/2018
882,Jack,jdeldellooh@123-reg.co.uk,Analog Circuit Design manager,Marketing,Community Outreach Specialist,7/9/2014
883,Bevan,bwidmoreoi@npr.org,Safety Technician II,Product Management,Speech Pathologist,6/9/2020
884,Dolph,dsworderoj@devhub.com,Human Resources Manager,Services,Developer II,3/17/2018
885,Cristie,cjelfok@wunderground.com,Mechanical Systems Engineer,Product Management,Junior Executive,12/9/2018
886,Lucais,larringtonol@biblegateway.com,Nurse,Engineering,Internal Auditor,12/21/2018
887,Cleavland,coverburyom@craigslist.org,Information Systems Manager,Accounting,Senior Quality Engineer,12/27/2001
888,Garek,gtourson@bloomberg.com,Recruiting Manager,Legal,Budget/Accounting Analyst II,3/5/2012
889,Jabez,jbaynesoo@ft.com,Quality Engineer,Product Management,VP Accounting,3/28/2000
890,Emma,etadgellop@cdbaby.com,Geological Engineer,Engineering,Senior Cost Accountant,3/31/2016
891,Charlena,cbellringeroq@last.fm,Food Chemist,Accounting,Senior Quality Engineer,3/30/2000
892,Caitlin,ctreneeror@google.de,Product Engineer,Human Resources,Marketing Assistant,8/4/2017
893,Merell,mgisbyos@netlog.com,Software Engineer I,Services,Senior Editor,5/27/2000
894,Blinnie,bbulliventot@illinois.edu,Software Consultant,Services,Data Coordinator,10/23/2013
895,Zonnya,zdrinkallou@wsj.com,Assistant Professor,Services,Recruiting Manager,4/17/2021
896,Archibald,acaselickov@scientificamerican.com,Technical Writer,Product Management,Senior Cost Accountant,10/16/2016
897,Ernie,eedworthyow@ted.com,Tax Accountant,Engineering,Occupational Therapist,6/11/2014
898,Eleanore,eblackox@uiuc.edu,Desktop Support Technician,Services,Director of Sales,3/4/2005
899,Letitia,lvescovooy@yahoo.co.jp,Senior Quality Engineer,Engineering,Senior Quality Engineer,7/18/2022
900,Tremaine,tvolkesoz@cdc.gov,Accountant III,Research and Development,Software Engineer I,9/15/2011
901,Helene,hmcphailp0@cnn.com,Accountant I,Marketing,Chemical Engineer,2/17/2000
902,Rosita,riddiensp1@alibaba.com,Desktop Support Technician,Research and Development,Geological Engineer,11/16/2016
903,Mayor,mtrusslovep2@tmall.com,Statistician II,Product Management,Account Executive,4/14/2014
904,Ebeneser,eallsopp3@psu.edu,Sales Associate,Support,Product Engineer,5/7/2019
905,Arni,adockrayp4@google.com.br,Junior Executive,Accounting,Business Systems Development Analyst,4/3/2003
906,Lay,lbrashierp5@comcast.net,Graphic Designer,Research and Development,Research Nurse,1/13/2017
907,Zena,zadnamp6@sourceforge.net,Human Resources Manager,Accounting,Assistant Professor,4/11/2021
908,Dickie,dmessagerp7@goo.ne.jp,Professor,Services,Staff Scientist,12/29/2017
909,Cordy,cmuskp8@xing.com,Payment Adjustment Coordinator,Human Resources,Director of Sales,10/31/2001
910,Lynea,lgoatmanp9@soundcloud.com,Occupational Therapist,Legal,Developer II,11/3/2020
911,Noellyn,ndinneenpa@cam.ac.uk,Sales Associate,Training,Mechanical Systems Engineer,12/30/2003
912,Lizabeth,lgowanpb@360.cn,Teacher,Engineering,Environmental Specialist,6/25/2017
913,Kristal,kgilbartpc@xing.com,Senior Quality Engineer,Marketing,Cost Accountant,2/21/2002
914,Patricia,pcowopepd@hostgator.com,Food Chemist,Training,Business Systems Development Analyst,6/27/2012
915,Dodie,donowlanpe@com.com,Payment Adjustment Coordinator,Accounting,Chief Design Engineer,12/10/2010
916,Jeniece,jlochriepf@plala.or.jp,Accounting Assistant IV,Training,Project Manager,2/23/2010
917,Evie,elansleypg@smh.com.au,Human Resources Manager,Product Management,GIS Technical Architect,6/24/2002
918,Antoinette,abontoftph@chronoengine.com,Computer Systems Analyst I,Engineering,Mechanical Systems Engineer,12/5/2015
919,Maurise,mbonettpi@godaddy.com,Structural Engineer,Marketing,Graphic Designer,1/11/2008
920,Pip,pbeardshallpj@etsy.com,Junior Executive,Support,Media Manager III,9/28/2010
921,Tamma,tmenhcipk@census.gov,Research Nurse,Product Management,Financial Analyst,7/25/2012
922,Daria,dsteptopl@yelp.com,Developer IV,Product Management,Clinical Specialist,12/7/2003
923,Veronique,vweabenpm@europa.eu,Internal Auditor,Engineering,Help Desk Technician,5/28/2021
924,Wenonah,wtybaltpn@chicagotribune.com,Analyst Programmer,Research and Development,Desktop Support Technician,6/25/2017
925,Lusa,lkettlesingpo@google.com.br,Chief Design Engineer,Accounting,VP Accounting,9/7/2000
926,Ewan,eridsdalepp@utexas.edu,Product Engineer,Sales,Geological Engineer,10/19/2000
927,Zebedee,zjointpq@toplist.cz,Registered Nurse,Product Management,Editor,7/2/2020
928,Ramona,rdooganpr@vinaora.com,Web Designer II,Accounting,Recruiter,4/17/2013
929,Marys,mmarcinkusps@about.com,Desktop Support Technician,Product Management,Civil Engineer,1/12/2001
930,Lelia,ldarreept@spiegel.de,Statistician IV,Training,Sales Associate,2/22/2015
931,Ceil,cburthpu@huffingtonpost.com,Software Engineer I,Training,Internal Auditor,10/22/2003
932,Clio,cmanstonpv@comsenz.com,Web Designer IV,Business Development,Statistician I,1/1/2004
933,Georgeta,glantiffepw@youtu.be,Health Coach II,Business Development,Information Systems Manager,3/1/2006
934,Antonino,apiddingtonpx@theatlantic.com,Nurse Practicioner,Human Resources,Social Worker,8/20/2019
935,Margaret,mglossoppy@omniture.com,Staff Accountant II,Training,Developer IV,8/11/2004
936,Allister,aphillipsonpz@google.co.uk,Legal Assistant,Legal,Occupational Therapist,9/24/2016
937,Halette,hwellwoodq0@bbb.org,Research Assistant III,Research and Development,Legal Assistant,5/6/2012
938,Isidore,idrysdallq1@oakley.com,VP Product Management,Business Development,Accounting Assistant I,10/11/2000
939,Tremayne,twolfersq2@scribd.com,Legal Assistant,Research and Development,Biostatistician IV,4/9/2005
940,Darin,dcrosettiq3@diigo.com,Software Engineer I,Support,VP Product Management,7/7/2015
941,Joyce,jcastanieq4@is.gd,Office Assistant I,Legal,Developer II,8/2/2000
942,Pearle,pudallq5@mac.com,Help Desk Technician,Sales,Cost Accountant,1/11/2006
943,Consuelo,cmcairtq6@wordpress.com,Information Systems Manager,Legal,Legal Assistant,3/11/2004
944,Elroy,ebernardinq7@salon.com,Structural Analysis Engineer,Services,Civil Engineer,4/28/2018
945,Miranda,mpashenq8@nature.com,Project Manager,Human Resources,VP Marketing,9/2/2021
946,Idaline,icrissilq9@qq.com,Clinical Specialist,Human Resources,Tax Accountant,4/28/2012
947,Tremain,tshemmansqa@themeforest.net,Accountant II,Support,Executive Secretary,1/21/2004
948,Augie,ablakesleyqb@telegraph.co.uk,Cost Accountant,Research and Development,Financial Analyst,11/17/2005
949,Ree,ryouingsqc@fotki.com,Structural Analysis Engineer,Marketing,Structural Analysis Engineer,3/12/2008
950,Donnajean,ddearnqd@bluehost.com,General Manager,Human Resources,Accountant III,8/30/2022
951,Roselin,rpaolottoqe@wsj.com,Pharmacist,Business Development,Compensation Analyst,4/16/2001
952,Henryetta,hworlockqf@usnews.com,Help Desk Operator,Business Development,Community Outreach Specialist,3/31/2002
953,Kahlil,kwortleyqg@4shared.com,Developer I,Training,Financial Advisor,11/22/2017
954,Jobi,jbaishqh@usgs.gov,Staff Accountant II,Accounting,Structural Analysis Engineer,7/22/2022
955,Portia,pscollardqi@psu.edu,Database Administrator II,Marketing,VP Accounting,9/2/2002
956,Gertrudis,gkaesmakersqj@taobao.com,Senior Sales Associate,Engineering,Recruiter,3/1/2004
957,Guinevere,gmatzqk@pinterest.com,Cost Accountant,Legal,Assistant Media Planner,1/4/2003
958,Rodd,rladdsql@toplist.cz,Desktop Support Technician,Product Management,Operator,11/6/2016
959,Opaline,oalthamqm@nationalgeographic.com,Staff Scientist,Engineering,Staff Scientist,9/10/2004
960,Stan,sohanveyqn@hugedomains.com,Office Assistant II,Business Development,Design Engineer,4/13/2005
961,Kalli,khulseqo@state.tx.us,Automation Specialist I,Services,Developer IV,4/25/2020
962,Brandea,bdepperqp@reddit.com,Accountant III,Research and Development,Account Representative II,8/24/2007
963,Norry,npantridgeqq@furl.net,Accountant IV,Legal,Executive Secretary,12/26/2018
964,Toddy,tbathoeqr@apache.org,Help Desk Technician,Marketing,Help Desk Operator,2/17/2000
965,Earvin,eparchmentqs@state.gov,Paralegal,Support,Help Desk Operator,5/20/2004
966,Ag,ashoebothamqt@noaa.gov,Mechanical Systems Engineer,Engineering,General Manager,12/28/2000
967,Erick,edevlinqu@sourceforge.net,Director of Sales,Sales,Director of Sales,12/19/2017
968,Brandais,bmajorqv@adobe.com,Registered Nurse,Engineering,Research Assistant II,10/8/2019
969,Matty,mchampleyqw@booking.com,Research Nurse,Accounting,Internal Auditor,2/17/2000
970,Antoinette,ageavenyqx@nhs.uk,Software Test Engineer IV,Accounting,Structural Analysis Engineer,11/30/2000
971,Britt,bkingshottqy@princeton.edu,Computer Systems Analyst IV,Research and Development,Financial Analyst,4/5/2007
972,Meara,mglasscooqz@biblegateway.com,Payment Adjustment Coordinator,Product Management,Analyst Programmer,5/6/2008
973,Brenn,bdobbsr0@arizona.edu,Office Assistant IV,Support,Business Systems Development Analyst,10/30/2020
974,Rikki,relwardr1@sciencedaily.com,Analog Circuit Design manager,Legal,Accountant IV,10/2/2009
975,Kristian,kwilmutr2@kickstarter.com,Business Systems Development Analyst,Sales,Health Coach I,8/31/2011
976,Silas,sedger3@rakuten.co.jp,Financial Advisor,Accounting,Product Engineer,7/12/2014
977,Hollie,hranklinr4@bloglovin.com,Senior Developer,Engineering,Marketing Manager,5/16/2016
978,Clio,ccromwellr5@comcast.net,Technical Writer,Training,Registered Nurse,10/29/2022
979,Torey,tstoppsr6@loc.gov,Help Desk Technician,Support,Technical Writer,7/18/2018
980,Olimpia,ojandlr7@prweb.com,Associate Professor,Human Resources,Help Desk Operator,8/31/2010
981,Rubina,rskillernr8@tripadvisor.com,Research Assistant IV,Training,Software Test Engineer I,6/16/2022
982,Winne,wdannattr9@fda.gov,Safety Technician I,Services,Associate Professor,11/28/2003
983,Clifford,ccregganra@smh.com.au,Software Engineer I,Product Management,Director of Sales,3/14/2011
984,Reginauld,rmcluckierb@cnn.com,Financial Advisor,Accounting,Programmer Analyst IV,6/15/2009
985,Fania,fmarisrc@zimbio.com,Environmental Specialist,Support,Developer II,11/20/2017
986,Em,ehabertrd@odnoklassniki.ru,Senior Cost Accountant,Marketing,Physical Therapy Assistant,9/3/2003
987,Vale,vrapaportre@angelfire.com,Librarian,Training,Safety Technician IV,12/8/2014
988,Sharai,sleveerf@amazon.com,Food Chemist,Support,Speech Pathologist,12/11/2016
989,Norman,nbearnsrg@tmall.com,Desktop Support Technician,Business Development,Media Manager I,2/19/2005
990,Nertie,npiggfordrh@github.com,GIS Technical Architect,Training,Database Administrator I,5/4/2020
991,Ilysa,ihambridgeri@tripadvisor.com,Registered Nurse,Legal,Physical Therapy Assistant,4/13/2008
992,Martyn,mletteresserj@furl.net,Junior Executive,Training,Environmental Specialist,9/5/2002
993,Gloria,gpadkinrk@chicagotribune.com,Quality Engineer,Support,Software Engineer II,10/15/2000
994,Tabitha,tbrocktonrl@rakuten.co.jp,Structural Analysis Engineer,Product Management,Social Worker,3/3/2021
995,Halimeda,haikettrm@si.edu,Pharmacist,Human Resources,Teacher,12/27/2022
996,Geraldine,gfellneern@meetup.com,Junior Executive,Research and Development,Sales Representative,4/18/2009
997,Lian,ldealyro@home.pl,General Manager,Engineering,Senior Developer,6/26/2003
998,Marcus,mtivolierrp@rambler.ru,Assistant Professor,Research and Development,VP Sales,4/30/2016
999,Suzie,sdurrettrq@multiply.com,Librarian,Research and Development,Biostatistician I,2/1/2016
1000,Raven,rscotcherrr@tripadvisor.com,Media Manager II,Services,Systems Administrator III,5/15/2011
